,ltable_id,rtable_id,prediction
0,0,18637,0
1,1,13161,0
2,2,1808,0
3,3,4377,0
4,4,21625,0
5,5,20932,0
6,6,1170,0
7,7,20319,0
8,8,8057,0
9,9,14010,0
10,10,4769,0
11,13,19457,0
12,14,15032,0
13,15,8844,0
14,16,15183,0
15,18,1210,0
16,19,19596,0
17,21,8915,0
18,22,19011,0
19,24,5274,0
20,26,12378,0
21,29,8070,0
22,32,2041,0
23,33,11352,0
24,34,21332,0
25,35,8092,0
26,36,8949,0
27,38,20549,0
28,39,11772,0
29,40,19566,0
30,41,10802,1
31,42,11478,0
32,43,45,0
33,45,18931,0
34,48,13130,0
35,49,12624,0
36,50,2013,0
37,51,3705,0
38,54,12237,0
39,55,12913,0
40,57,19357,0
41,58,6288,0
42,59,2532,0
43,61,11091,0
44,62,361,0
45,63,15630,0
46,65,8836,0
47,66,4494,0
48,68,6614,0
49,69,16062,0
50,70,15887,0
51,71,6970,0
52,72,6043,0
53,73,9009,0
54,74,12632,0
55,75,11154,0
56,79,106,0
57,80,2561,0
58,81,16483,0
59,82,19301,0
60,83,17995,0
61,84,4163,0
62,85,9262,0
63,86,362,0
64,87,1388,0
65,89,10105,0
66,90,18937,0
67,91,4532,0
68,92,21168,0
69,93,1755,0
70,94,21481,0
71,96,21503,0
72,97,21859,0
73,98,5907,0
74,99,4203,0
75,100,13845,0
76,101,626,0
77,102,7763,0
78,104,20806,0
79,107,5574,0
80,108,20731,0
81,109,21005,0
82,110,8678,0
83,111,12439,1
84,112,6977,0
85,114,19066,0
86,115,9746,0
87,116,5838,0
88,120,14791,0
89,121,13941,0
90,122,11017,0
91,123,16786,0
92,124,6956,0
93,125,5419,0
94,126,21663,0
95,130,21702,0
96,131,21650,0
97,133,9902,0
98,134,19122,0
99,135,13308,0
100,136,20012,0
101,137,9866,0
102,138,7613,0
103,141,2644,0
104,142,12071,0
105,143,5895,0
106,144,12588,0
107,145,20857,0
108,146,3751,0
109,147,9666,0
110,148,10440,0
111,149,5434,0
112,150,14374,0
113,151,10562,0
114,154,2248,0
115,155,5597,0
116,156,3000,0
117,157,2523,0
118,158,12924,0
119,159,5839,0
120,160,4530,0
121,161,8467,0
122,162,13907,0
123,163,5172,0
124,164,9637,0
125,166,19283,0
126,167,9270,0
127,168,3978,0
128,172,8843,0
129,174,9655,0
130,176,4164,0
131,177,1019,0
132,178,12895,0
133,179,7589,0
134,181,1048,0
135,182,1417,0
136,183,11424,0
137,186,1929,0
138,187,14758,1
139,188,2301,0
140,188,6226,0
141,188,20408,0
142,189,15736,0
143,190,21468,0
144,191,27,0
145,192,7926,0
146,193,7927,0
147,194,2250,0
148,195,21053,0
149,199,16053,0
150,201,12606,0
151,202,4539,0
152,204,8133,0
153,205,11877,0
154,207,5404,0
155,208,1936,0
156,209,6834,0
157,210,9269,0
158,212,3448,0
159,213,4128,0
160,213,10163,0
161,217,9332,0
162,218,5040,0
163,219,6667,1
164,220,17748,0
165,221,9431,0
166,224,4322,0
167,227,4648,0
168,228,852,0
169,229,19399,0
170,230,5411,0
171,232,13803,0
172,233,9462,0
173,237,12032,0
174,239,6607,0
175,241,4983,0
176,242,20043,0
177,243,5775,0
178,245,13957,0
179,246,14867,0
180,247,14597,0
181,248,1687,1
182,249,19320,0
183,250,2411,0
184,251,7609,0
185,252,11358,0
186,253,9791,0
187,254,19089,0
188,255,2964,0
189,256,1894,0
190,257,183,0
191,259,2807,0
192,260,5780,0
193,261,8956,0
194,265,19104,0
195,266,14661,0
196,267,3849,0
197,269,7727,0
198,270,12301,0
199,272,6619,0
200,273,8239,0
201,274,9207,0
202,275,11030,0
203,276,1868,0
204,277,13035,0
205,278,11836,0
206,279,21299,0
207,280,15056,0
208,281,20258,0
209,282,14503,0
210,284,2679,0
211,285,19671,0
212,286,8940,0
213,287,7130,0
214,287,11266,0
215,288,737,0
216,290,2497,0
217,291,10289,0
218,292,420,0
219,294,11301,0
220,295,4348,0
221,296,10286,0
222,297,3706,0
223,298,8051,0
224,299,12366,0
225,303,12936,0
226,304,19621,0
227,305,15301,0
228,307,10336,0
229,308,7813,0
230,309,7308,0
231,310,6504,0
232,312,11287,0
233,314,2448,0
234,315,7705,0
235,316,17855,0
236,317,20052,0
237,318,14552,0
238,319,15236,0
239,322,6261,0
240,323,20314,0
241,324,8523,1
242,326,1474,0
243,327,15969,0
244,328,14351,0
245,329,21480,0
246,330,5549,0
247,334,14611,0
248,335,10026,0
249,336,21613,0
250,337,13761,0
251,339,11599,0
252,341,11864,0
253,342,7323,0
254,344,19172,0
255,345,18355,0
256,346,379,0
257,347,10511,0
258,348,1187,0
259,349,4938,0
260,350,5992,0
261,351,9699,0
262,352,18873,0
263,353,4439,0
264,354,6803,0
265,355,4916,0
266,356,9141,0
267,357,18632,0
268,359,5324,0
269,362,19065,0
270,363,12740,0
271,366,11156,0
272,370,14291,0
273,371,18574,0
274,372,10438,0
275,373,20362,0
276,374,9714,0
277,375,20161,0
278,376,3374,0
279,377,10558,0
280,378,201,0
281,379,10518,0
282,381,4721,0
283,383,20265,0
284,384,13171,0
285,385,11729,0
286,386,8818,0
287,389,2687,0
288,390,7580,0
289,391,14728,0
290,392,7862,0
291,393,7991,0
292,394,4271,0
293,395,22043,0
294,396,9144,0
295,397,2950,0
296,399,20986,0
297,405,10779,0
298,408,6993,0
299,409,12006,0
300,410,9322,0
301,411,10382,0
302,411,10383,0
303,411,12387,0
304,412,15359,0
305,413,10646,0
306,416,15928,0
307,419,7260,0
308,420,5671,0
309,422,21746,0
310,423,20644,0
311,424,8242,0
312,425,10470,0
313,426,4914,0
314,428,19033,0
315,429,7263,0
316,430,986,0
317,431,5561,0
318,433,19876,0
319,434,1811,0
320,435,5125,0
321,436,13326,0
322,438,6376,0
323,443,5958,0
324,444,1765,0
325,446,9478,0
326,447,13173,0
327,448,7166,0
328,448,9155,0
329,450,18900,0
330,451,8599,0
331,453,10033,0
332,454,2985,0
333,456,6871,0
334,457,8017,0
335,458,6018,0
336,459,10675,0
337,460,10719,0
338,461,8842,0
339,464,10075,0
340,465,21478,0
341,466,3262,0
342,469,14027,0
343,471,5406,0
344,472,13371,0
345,473,12207,0
346,474,11175,0
347,476,6465,0
348,477,9150,0
349,479,20069,0
350,480,15237,0
351,483,11114,0
352,484,4736,0
353,485,1881,0
354,489,10826,0
355,491,8376,0
356,492,14424,0
357,493,5149,0
358,494,12392,0
359,495,13001,0
360,496,12681,0
361,497,8636,0
362,498,10540,0
363,499,12617,0
364,500,8565,0
365,501,1203,0
366,502,13421,0
367,504,19100,0
368,505,15142,0
369,506,3739,0
370,507,6985,0
371,508,1770,0
372,511,13349,0
373,512,3723,0
374,513,14545,0
375,514,14881,0
376,515,10201,0
377,519,9081,0
378,522,50,0
379,523,8805,0
380,525,4474,0
381,526,12188,0
382,527,2734,0
383,528,9234,0
384,529,419,0
385,531,2724,0
386,532,14015,0
387,534,8960,0
388,535,7101,0
389,536,15737,0
390,537,10080,0
391,538,12069,0
392,539,1564,0
393,540,7374,0
394,541,8330,0
395,542,15083,0
396,544,5674,0
397,547,158,0
398,548,11735,0
399,549,20760,1
400,551,12066,0
401,553,14276,0
402,555,9729,0
403,556,2777,0
404,556,10721,0
405,557,13894,0
406,558,7433,0
407,559,10792,0
408,560,21139,0
409,562,3008,0
410,563,9291,0
411,564,5459,0
412,565,12985,0
413,566,3392,0
414,567,11712,0
415,568,8016,0
416,569,20336,0
417,570,19375,0
418,571,9324,0
419,572,11353,0
420,573,19234,0
421,574,20580,1
422,575,19872,0
423,578,11384,0
424,579,1100,0
425,580,9516,0
426,581,12517,0
427,582,8964,0
428,584,10271,0
429,585,20732,0
430,587,2549,0
431,588,10659,0
432,589,14999,0
433,591,816,0
434,592,2521,1
435,593,4024,0
436,594,12074,0
437,595,20292,0
438,596,107,0
439,597,8342,0
440,599,12501,0
441,600,4814,1
442,603,19358,0
443,604,3297,0
444,606,8431,0
445,611,467,0
446,613,7885,0
447,614,4291,0
448,615,1389,0
449,616,15243,0
450,617,12568,0
451,618,22022,0
452,619,1093,0
453,620,9359,0
454,621,1839,0
455,622,19077,0
456,623,21816,0
457,624,15990,0
458,626,1828,0
459,627,21461,0
460,628,1422,0
461,629,2739,0
462,630,6771,0
463,631,10461,0
464,632,7127,0
465,633,11748,0
466,634,19840,0
467,635,8944,0
468,636,8689,0
469,637,15919,0
470,639,10127,0
471,642,8204,0
472,643,13908,0
473,644,8752,0
474,646,12881,1
475,647,9003,0
476,648,13108,0
477,652,217,0
478,654,4497,0
479,658,9331,0
480,660,10272,0
481,662,8040,0
482,663,19881,0
483,665,8065,0
484,666,2184,0
485,667,7803,0
486,668,3166,0
487,668,14000,0
488,669,962,0
489,672,14820,0
490,673,20186,0
491,674,5183,0
492,675,8576,0
493,678,6938,0
494,680,19224,0
495,681,15122,0
496,681,21112,0
497,682,2955,0
498,683,2730,0
499,684,19623,0
500,685,7786,0
501,686,21092,0
502,687,5421,0
503,688,2278,0
504,688,4787,0
505,690,10843,0
506,692,15222,0
507,693,14517,0
508,694,2043,0
509,695,5147,0
510,696,7431,0
511,697,7097,0
512,698,8,0
513,701,19220,0
514,702,6010,0
515,704,5712,0
516,705,5025,0
517,706,10806,1
518,707,9206,0
519,708,13094,0
520,709,15006,0
521,710,10867,0
522,711,15614,0
523,712,17830,0
524,714,3286,0
525,715,6867,0
526,716,4295,0
527,717,2418,0
528,718,18991,0
529,719,18732,0
530,720,13398,1
531,722,2515,0
532,723,1689,1
533,725,14714,0
534,726,10507,0
535,727,1030,0
536,728,15060,0
537,731,10363,0
538,732,8411,0
539,733,21878,0
540,734,7505,0
541,735,10273,0
542,736,1405,0
543,737,14715,0
544,738,5485,0
545,740,21948,0
546,742,8759,1
547,744,6112,0
548,745,11202,0
549,747,6385,0
550,748,15126,0
551,749,11535,0
552,750,557,0
553,751,19606,0
554,755,11851,0
555,756,11936,0
556,757,14314,0
557,758,637,0
558,759,2384,0
559,764,14786,0
560,765,6388,0
561,766,6792,0
562,767,20284,0
563,769,2470,0
564,770,7085,0
565,771,13509,0
566,772,9216,0
567,773,4320,0
568,774,3569,0
569,780,11859,0
570,781,952,0
571,782,6800,0
572,783,20697,0
573,784,10551,0
574,785,8252,0
575,786,19845,0
576,788,10944,0
577,790,20662,0
578,791,8254,0
579,793,12058,0
580,794,8878,0
581,796,20625,0
582,797,6306,0
583,798,399,0
584,800,334,0
585,801,13402,0
586,803,20861,0
587,804,6241,0
588,805,8379,0
589,806,5796,0
590,807,4711,1
591,808,3379,0
592,809,20326,0
593,810,1476,0
594,812,12030,0
595,813,2404,0
596,816,22045,0
597,818,14845,0
598,819,11177,0
599,820,6298,1
600,821,20656,0
601,822,20044,0
602,823,5202,0
603,824,4432,0
604,825,5449,0
605,826,14670,0
606,828,2976,0
607,829,938,0
608,831,10751,0
609,832,21072,0
610,833,4591,0
611,834,2502,0
612,835,43,0
613,836,11747,0
614,1189,11747,0
615,1190,11747,0
616,1705,11747,0
617,838,8882,0
618,839,1044,0
619,842,13017,0
620,843,12034,0
621,845,15393,0
622,846,3194,0
623,848,2586,0
624,849,3918,0
625,850,10051,0
626,851,12312,0
627,852,21693,0
628,853,593,0
629,855,5127,0
630,857,11320,0
631,858,12655,0
632,860,19175,0
633,864,13137,0
634,866,8336,0
635,867,5339,0
636,869,10114,0
637,870,1039,0
638,871,3822,0
639,872,3307,0
640,873,9638,0
641,874,2597,0
642,875,13933,0
643,876,9500,0
644,877,1845,0
645,878,9557,0
646,882,5043,0
647,886,15093,0
648,887,14275,0
649,888,5156,0
650,890,5703,0
651,891,20229,0
652,892,4152,0
653,893,11610,0
654,894,12894,0
655,896,13568,0
656,897,10247,0
657,898,7375,0
658,899,15201,0
659,900,8691,0
660,901,9758,0
661,902,4630,0
662,903,14767,0
663,904,5684,0
664,905,5370,0
665,906,3151,0
666,907,20727,0
667,908,1047,0
668,911,2923,0
669,912,3749,0
670,916,3782,0
671,917,19868,0
672,920,19114,0
673,921,801,0
674,922,15476,0
675,923,9208,0
676,924,10244,0
677,925,2760,0
678,925,2761,0
679,925,4678,0
680,925,6702,0
681,925,19004,0
682,926,13498,0
683,927,1747,0
684,928,1407,0
685,930,11010,0
686,931,19592,0
687,932,9395,0
688,933,3525,0
689,934,10309,0
690,935,929,0
691,936,8061,0
692,937,595,0
693,937,5889,0
694,938,9158,0
695,939,3614,0
696,940,1702,0
697,941,15836,0
698,942,13109,0
699,943,18127,0
700,944,2280,0
701,945,14813,0
702,946,3010,0
703,947,13423,0
704,948,4355,1
705,949,19632,0
706,950,19173,1
707,953,9481,0
708,954,8741,0
709,956,20073,0
710,962,10781,0
711,966,3960,0
712,968,7293,0
713,970,4912,0
714,971,7434,0
715,974,8395,0
716,975,19929,0
717,977,11580,0
718,978,1112,0
719,981,2189,0
720,982,9470,0
721,983,3469,0
722,985,14389,0
723,986,770,0
724,986,2757,0
725,986,2758,0
726,986,2759,0
727,986,4675,0
728,986,4676,0
729,986,4677,0
730,986,6701,0
731,986,8737,0
732,986,8738,0
733,986,8739,0
734,986,10704,0
735,986,10706,0
736,986,10707,0
737,986,12723,0
738,986,12727,0
739,986,12728,0
740,986,14645,0
741,986,15776,0
742,986,21563,0
743,987,3359,0
744,988,4284,0
745,989,17844,0
746,993,8462,0
747,994,11745,0
748,995,7357,0
749,996,8735,0
750,997,12932,0
751,998,3271,0
752,999,9339,0
753,1000,6625,0
754,1001,10351,0
755,1002,2092,0
756,1003,15182,0
757,1004,5187,0
758,1005,18825,0
759,1007,21470,0
760,1008,7807,0
761,1009,20376,0
762,1010,21832,0
763,1011,19096,0
764,1012,16126,0
765,1014,5965,0
766,1015,14594,0
767,1017,11868,0
768,1018,14422,0
769,1019,15145,0
770,1020,21319,0
771,1021,21960,0
772,1024,2236,0
773,1025,15396,0
774,1026,12056,1
775,1027,2074,0
776,1028,16177,0
777,1030,14853,0
778,1031,8870,0
779,1032,8305,0
780,1033,19609,0
781,1037,14113,0
782,1038,21829,0
783,1044,19853,0
784,1045,11423,0
785,1048,21010,0
786,1050,8312,0
787,1054,10757,0
788,1055,5093,0
789,1056,15342,0
790,1060,10580,0
791,1062,12753,0
792,1063,18,0
793,1065,7541,0
794,1066,14225,0
795,1067,10403,0
796,1068,649,0
797,1071,7568,0
798,1072,3217,0
799,1073,2708,0
800,1074,15001,0
801,1075,9226,0
802,1076,10593,0
803,1080,4424,0
804,1081,6096,0
805,1083,12456,0
806,1084,4390,0
807,1085,3064,0
808,1085,3065,0
809,1087,20620,0
810,1088,19479,0
811,1091,11692,0
812,1093,2843,0
813,1094,5793,0
814,1095,12674,0
815,1097,12929,0
816,1098,12552,0
817,1099,19404,0
818,1100,5635,0
819,1101,12092,0
820,1103,10767,0
821,1105,11722,0
822,1106,8828,0
823,1107,743,0
824,1109,10093,0
825,1110,2567,0
826,1111,8516,0
827,1112,8866,1
828,1113,5963,0
829,1114,11125,0
830,1118,8513,0
831,1119,13414,0
832,1120,3207,0
833,1121,6522,0
834,1122,21291,0
835,1123,15385,0
836,1124,15643,0
837,1125,12249,0
838,1126,12532,0
839,1127,19030,0
840,1129,10605,0
841,1130,2355,0
842,1131,10102,0
843,1136,11750,0
844,1137,2529,0
845,1137,8536,0
846,1138,15,0
847,1140,12634,0
848,1141,1284,0
849,1142,12699,0
850,1143,817,0
851,1144,22062,0
852,1145,10788,0
853,1148,22014,0
854,1149,8997,0
855,1150,1744,0
856,1151,10837,0
857,1152,17309,0
858,1154,9252,0
859,1155,14873,0
860,1156,12938,0
861,1157,3079,0
862,1159,15034,0
863,1163,14124,0
864,1164,3426,0
865,1165,15661,0
866,1170,12396,0
867,1173,20717,0
868,1174,15260,0
869,1175,10182,0
870,1176,862,0
871,1177,2903,0
872,1181,20561,0
873,1183,3318,0
874,1184,6960,0
875,1185,11033,0
876,1186,20303,0
877,1187,12111,0
878,1188,3690,0
879,1191,18638,0
880,1192,6154,0
881,1193,11956,0
882,1196,10713,0
883,1197,4813,0
884,1198,9123,0
885,1199,13851,0
886,1200,3700,0
887,1201,15246,0
888,1202,12445,0
889,1205,13990,0
890,1206,10956,0
891,1207,10577,0
892,1208,1607,0
893,1209,16101,0
894,1210,1323,0
895,1211,6802,0
896,1212,7559,0
897,1213,10881,0
898,1214,12857,0
899,1218,13309,0
900,1219,8798,0
901,1220,15632,0
902,1222,3006,0
903,1224,4043,0
904,1225,22010,0
905,1227,9285,0
906,1228,7490,0
907,1230,4668,0
908,1232,2145,0
909,1233,18428,0
910,1234,6267,0
911,1235,14157,0
912,1236,15564,0
913,1237,3831,0
914,1238,13857,0
915,1241,4272,0
916,1242,13107,1
917,1244,10288,0
918,1245,21743,0
919,1246,3910,0
920,1247,1433,0
921,1250,8113,0
922,1251,706,0
923,1252,21590,0
924,1253,1038,0
925,1254,9707,0
926,1256,20412,0
927,1257,14687,0
928,1260,10628,0
929,1261,4229,0
930,1262,6174,0
931,1263,19088,0
932,1264,20781,0
933,1265,10451,0
934,1266,7645,0
935,1266,14095,0
936,1268,21734,0
937,1269,15304,0
938,1270,3312,0
939,1271,11273,0
940,1272,9065,0
941,1274,8733,0
942,1276,2068,1
943,1277,13469,0
944,1278,5663,0
945,1280,5878,0
946,1281,13385,0
947,1281,15380,0
948,1282,13212,0
949,1285,6114,0
950,1828,6114,0
951,1286,5551,0
952,1287,21183,0
953,1288,7710,0
954,1292,11113,0
955,1293,7632,0
956,1294,11043,0
957,1295,514,0
958,1295,2482,0
959,1295,12454,0
960,1296,6380,0
961,1297,5267,0
962,1298,12827,0
963,1299,14223,0
964,1300,18704,0
965,1301,5233,0
966,1302,6940,0
967,1308,6683,0
968,1309,3914,1
969,1311,19019,1
970,1312,5689,0
971,1313,15803,0
972,1314,4080,0
973,1315,1201,0
974,1315,4619,0
975,1318,11317,0
976,1319,4257,0
977,1321,14578,0
978,1322,6626,0
979,1323,1317,0
980,1324,2898,1
981,1326,4874,0
982,1330,1,0
983,1333,2474,0
984,1336,3337,0
985,1337,14991,0
986,1338,5966,0
987,1339,863,0
988,1341,9459,0
989,1342,21065,0
990,1343,2604,0
991,1344,20603,0
992,1345,402,0
993,1346,12733,0
994,1347,19330,0
995,1349,6501,0
996,1350,6418,0
997,1352,15136,0
998,1353,880,1
999,1355,13523,0
1000,1356,9287,0
1001,1357,7193,0
1002,1358,14253,0
1003,1359,4990,0
1004,1360,6925,0
1005,1361,884,0
1006,1363,2717,0
1007,1365,12656,0
1008,1366,7997,0
1009,1367,4618,0
1010,1368,8564,0
1011,1369,8313,0
1012,1370,2566,0
1013,1371,14879,0
1014,1372,21831,0
1015,1373,14240,0
1016,1376,16064,0
1017,1378,4786,0
1018,1379,21908,0
1019,1382,6778,0
1020,1384,9325,0
1021,1385,6302,0
1022,1386,12692,0
1023,1387,523,0
1024,1388,5364,0
1025,1389,6161,0
1026,1390,8344,0
1027,1391,6908,0
1028,1392,2599,0
1029,1393,2602,0
1030,1395,13687,0
1031,1396,19324,0
1032,1397,19113,0
1033,1398,10764,0
1034,1399,8108,0
1035,1401,2541,0
1036,1402,11804,0
1037,1403,19245,0
1038,1405,8567,0
1039,1408,3775,0
1040,1411,5797,0
1041,1412,1053,0
1042,1413,14668,1
1043,1414,15983,0
1044,1416,8226,0
1045,1418,9944,0
1046,1420,10311,0
1047,1421,21777,0
1048,1422,18869,0
1049,1423,7699,0
1050,1424,9170,0
1051,1425,21901,0
1052,1426,5136,0
1053,1428,15036,0
1054,1429,1255,0
1055,1430,9404,0
1056,1431,21556,0
1057,1432,15580,0
1058,1434,9968,0
1059,1435,21978,0
1060,1436,4715,0
1061,1437,10463,0
1062,1438,19373,0
1063,1439,1636,0
1064,1440,5065,0
1065,1441,21063,0
1066,1442,4338,0
1067,1443,10282,0
1068,1446,18470,0
1069,1447,6366,0
1070,1448,10115,0
1071,1449,9540,0
1072,1450,12203,0
1073,1451,14173,0
1074,1452,21178,0
1075,1453,4899,0
1076,1454,4750,0
1077,1455,7996,0
1078,1456,14852,0
1079,1460,4986,0
1080,1461,12665,0
1081,1464,10782,0
1082,1465,19139,0
1083,1465,19973,0
1084,1467,12105,0
1085,1468,12252,0
1086,1470,16017,0
1087,1471,11137,0
1088,1472,9538,0
1089,1473,1266,0
1090,1474,10290,0
1091,1475,20411,0
1092,1476,3866,1
1093,1477,12399,1
1094,1479,21137,0
1095,1480,21354,0
1096,1481,12072,0
1097,1482,15633,0
1098,1483,2600,0
1099,1484,21490,0
1100,1485,12682,0
1101,1486,5427,0
1102,1487,10815,1
1103,1488,2324,0
1104,1492,2971,0
1105,1493,8277,0
1106,1496,13606,0
1107,1498,19352,0
1108,1499,15279,0
1109,1501,14628,0
1110,1503,6557,0
1111,1504,10838,0
1112,1505,12090,0
1113,1507,13176,0
1114,1508,645,0
1115,1509,14856,0
1116,1511,14957,0
1117,1512,20199,0
1118,1513,1591,0
1119,1514,20377,0
1120,1515,20944,0
1121,1516,4792,1
1122,1517,14189,0
1123,1518,21536,0
1124,1519,2135,0
1125,1520,8331,0
1126,1521,5410,0
1127,1522,3031,0
1128,1523,5887,0
1129,1525,5861,0
1130,1527,1102,0
1131,1529,2571,0
1132,1530,3280,0
1133,1531,867,0
1134,1533,9992,0
1135,1534,9080,0
1136,1536,4919,0
1137,1537,9724,0
1138,1538,6085,0
1139,1539,4754,0
1140,1540,10922,0
1141,1542,20002,0
1142,1543,9728,0
1143,1544,3227,0
1144,1545,21378,0
1145,1547,20775,0
1146,1548,11206,0
1147,1549,15665,0
1148,1551,19372,0
1149,1552,10209,0
1150,1553,845,0
1151,1556,7868,0
1152,1556,14904,0
1153,1558,15332,0
1154,1560,19963,1
1155,1561,2505,0
1156,1562,4155,0
1157,1563,2374,0
1158,1564,6913,0
1159,1565,6320,0
1160,1566,16049,0
1161,1569,8890,0
1162,1572,20883,0
1163,1573,13416,0
1164,1574,20041,0
1165,1575,7502,0
1166,1576,14457,0
1167,1577,7565,0
1168,1578,3324,1
1169,1579,19222,0
1170,1580,13648,0
1171,1581,5544,0
1172,1582,10658,0
1173,1583,11783,0
1174,1584,9497,0
1175,1585,8247,0
1176,1589,15407,0
1177,1590,11657,0
1178,1592,3315,0
1179,1593,3036,0
1180,1594,4731,0
1181,1595,83,0
1182,1596,3535,0
1183,1597,10307,0
1184,1598,21006,0
1185,1599,13996,0
1186,1600,14168,0
1187,1601,6171,0
1188,1602,5766,0
1189,1606,6322,0
1190,1607,8736,0
1191,1608,13254,0
1192,1609,7518,0
1193,1610,5652,0
1194,1611,12204,0
1195,1614,8879,0
1196,1615,998,0
1197,1617,11670,0
1198,1618,7256,0
1199,1619,1597,0
1200,1620,13300,0
1201,1621,21704,0
1202,1623,15530,0
1203,1624,21826,0
1204,1625,14654,0
1205,1626,20150,0
1206,1627,7402,0
1207,1628,9950,0
1208,1629,5445,0
1209,1630,939,0
1210,1631,9151,0
1211,1634,750,0
1212,1635,4557,0
1213,1636,17630,0
1214,1637,13919,0
1215,1639,8552,0
1216,1640,8324,0
1217,1641,1091,0
1218,1642,19758,0
1219,1643,21104,0
1220,1646,10149,0
1221,1647,20554,0
1222,1649,1006,0
1223,1650,2228,0
1224,1651,6620,0
1225,1652,11674,0
1226,1653,6781,0
1227,1654,9467,0
1228,1655,10352,0
1229,1656,1138,0
1230,1657,2370,0
1231,1659,664,0
1232,1660,1222,0
1233,1662,2504,0
1234,1664,16055,0
1235,1665,3124,0
1236,1666,14179,0
1237,1667,14278,0
1238,1668,686,0
1239,1669,1291,0
1240,1670,558,0
1241,1671,15487,0
1242,1672,14467,0
1243,1674,9413,0
1244,1680,21811,0
1245,1681,14014,0
1246,1682,13168,0
1247,1683,13541,0
1248,1684,866,0
1249,1685,6129,0
1250,1686,4275,0
1251,1687,8405,0
1252,1691,2947,0
1253,1693,14716,0
1254,1694,11249,0
1255,1695,13407,0
1256,1698,3182,0
1257,1699,18314,0
1258,1700,9286,0
1259,1701,5179,0
1260,1702,7115,0
1261,1707,15023,0
1262,1708,19064,0
1263,1709,13366,0
1264,1710,10305,0
1265,1711,6462,0
1266,1712,3790,0
1267,1713,21808,0
1268,1714,7818,0
1269,1717,13918,0
1270,1724,13183,0
1271,1728,10151,0
1272,1729,12867,1
1273,1730,18703,0
1274,1732,15701,0
1275,1735,4479,0
1276,1736,3966,0
1277,1738,21421,0
1278,1740,7557,0
1279,1741,2750,0
1280,1742,5555,0
1281,1744,2205,0
1282,1745,7642,0
1283,1746,9935,0
1284,1748,7935,0
1285,1750,19819,0
1286,1751,9457,0
1287,1752,13896,0
1288,1753,10364,0
1289,1754,14775,0
1290,1755,21312,0
1291,1756,9956,0
1292,1757,917,0
1293,1758,5880,0
1294,1761,3864,0
1295,1762,16029,0
1296,1764,10652,0
1297,1766,9125,0
1298,1768,1305,0
1299,1769,3498,0
1300,1770,5896,0
1301,1771,3058,0
1302,1773,15392,0
1303,1776,8881,0
1304,1777,20831,0
1305,1779,9131,0
1306,1780,14587,0
1307,1781,13515,0
1308,1782,14749,0
1309,1783,17552,0
1310,1786,3772,0
1311,1787,3389,0
1312,1788,5662,0
1313,1789,8834,0
1314,1790,21401,0
1315,1791,1382,0
1316,1792,10020,0
1317,1793,17994,0
1318,1794,7923,0
1319,1796,6590,0
1320,1797,15229,0
1321,1798,2209,0
1322,1800,4012,0
1323,1801,5020,0
1324,1802,15678,0
1325,1803,4853,0
1326,1804,3642,0
1327,1805,9605,0
1328,1806,8364,0
1329,1807,7454,0
1330,1809,6796,0
1331,1810,15636,0
1332,1811,13134,0
1333,1812,21170,0
1334,1813,8634,0
1335,1815,19561,0
1336,1816,1925,0
1337,1818,5792,0
1338,1820,2377,0
1339,1820,4225,0
1340,1821,3501,0
1341,1822,5295,0
1342,1823,4751,0
1343,1824,18916,0
1344,1825,16112,0
1345,1826,3838,0
1346,1827,19784,0
1347,1829,12429,0
1348,1830,3048,0
1349,1832,4308,0
1350,1833,5542,0
1351,1834,11145,0
1352,1836,11494,0
1353,1837,11433,0
1354,1840,6907,0
1355,1841,380,0
1356,1842,21575,0
1357,1843,14854,0
1358,1844,713,0
1359,1845,2204,0
1360,1846,9696,0
1361,1847,8451,0
1362,1849,10963,0
1363,1850,1769,0
1364,1851,168,0
1365,1852,10680,0
1366,1854,12358,1
1367,1857,5628,0
1368,1861,5144,0
1369,1862,21363,0
1370,1863,6774,0
1371,1866,14359,0
1372,1867,19401,0
1373,1868,9689,0
1374,1871,3002,0
1375,1873,11376,0
1376,1874,2113,0
1377,1875,34,0
1378,1876,3692,0
1379,1877,6389,0
1380,1878,14269,0
1381,1880,12919,0
1382,1881,5550,0
1383,1882,6500,0
1384,1883,8460,0
1385,1885,12306,0
1386,1886,5961,0
1387,1887,5587,0
1388,1890,11166,0
1389,1891,3329,0
1390,1893,9134,0
1391,1894,8892,0
1392,1895,1706,0
1393,1897,5422,0
1394,1898,9969,0
1395,1899,1789,0
1396,1900,3924,0
1397,1901,4276,0
1398,1902,10397,0
1399,1903,6670,0
1400,1905,5773,0
1401,1906,4173,0
1402,1907,10482,1
1403,1908,8694,0
1404,1909,32,0
1405,1910,10561,0
1406,1911,1354,0
1407,1916,2011,0
1408,1917,14149,0
1409,1918,1773,0
1410,1919,5609,0
1411,1920,2742,0
1412,1922,19776,0
1413,1923,5848,0
1414,1924,10049,0
1415,1925,14116,0
1416,1927,951,0
1417,1928,9882,0
1418,1929,14706,0
1419,1930,1434,0
1420,1932,7044,0
1421,1933,1166,0
1422,1936,7653,0
1423,1937,891,0
1424,1938,20726,0
1425,1939,1175,0
1426,1940,15406,0
1427,1942,1440,0
1428,1943,9888,0
1429,1944,8800,0
1430,1945,6075,0
1431,1946,1319,0
1432,1949,11438,0
1433,1951,10895,0
1434,1952,9775,1
1435,1953,3468,0
1436,1954,15692,0
1437,1955,3693,0
1438,1956,666,0
1439,1958,8332,0
1440,1960,9752,0
1441,1961,10346,0
1442,1962,5414,0
1443,1963,14903,0
1444,1964,21450,0
1445,1966,10566,0
1446,1969,20282,0
1447,1970,14540,0
1448,1971,11725,0
1449,1972,15541,0
1450,1973,14194,0
1451,1974,9280,0
1452,1975,14889,0
1453,1976,660,0
1454,1977,13020,0
1455,1978,8263,0
1456,1979,15254,0
1457,1980,1501,0
1458,1983,12943,0
1459,1984,9928,0
1460,1985,6373,0
1461,1987,8946,0
1462,1988,15935,0
1463,1990,9101,0
1464,1991,13891,0
1465,1992,7245,0
1466,1994,12443,0
1467,1995,3178,0
1468,1998,14085,0
1469,1999,6255,0
1470,2001,8208,0
1471,2002,14940,0
1472,2003,10205,0
1473,2004,7489,0
1474,2006,20533,0
1475,2007,15970,0
1476,2008,2969,0
1477,2009,7880,0
1478,2013,21431,0
1479,2015,10171,0
1480,2016,19711,0
1481,2017,6377,0
1482,2018,19344,0
1483,2019,11878,0
1484,2021,15376,0
1485,2024,13359,0
1486,2025,5055,0
1487,2026,4280,0
1488,2027,3769,0
1489,2028,3893,0
1490,2029,20560,0
1491,2031,19353,0
1492,2033,12240,0
1493,2034,2241,0
1494,2036,19054,0
1495,2037,8519,1
1496,2038,2073,0
1497,2039,11731,0
1498,2040,11534,0
1499,2041,15103,0
1500,2043,15664,0
1501,2044,13879,0
1502,2046,1135,0
1503,2047,21314,0
1504,2048,13599,0
1505,2049,12886,0
1506,2050,2471,0
1507,2051,19554,0
1508,2053,9630,0
1509,2054,7600,0
1510,2055,7279,0
1511,2057,20033,0
1512,2059,15063,0
1513,2060,21557,0
1514,2061,20133,0
1515,2062,2141,0
1516,2063,6400,1
1517,2064,1143,0
1518,2064,13104,0
1519,2065,21066,0
1520,2069,9536,0
1521,2071,14726,0
1522,2072,1743,0
1523,2075,14729,0
1524,2076,12036,0
1525,2077,19346,0
1526,2078,9808,0
1527,2079,13974,0
1528,2080,6024,0
1529,2082,16120,0
1530,2083,6576,0
1531,2085,14128,0
1532,2088,7403,0
1533,2089,20749,0
1534,2090,19908,0
1535,2091,14076,0
1536,2093,1179,0
1537,2095,15731,0
1538,2099,5864,0
1539,2100,10653,0
1540,2101,15959,0
1541,2102,12880,0
1542,2103,14836,0
1543,2104,14751,0
1544,2105,12536,0
1545,2106,20871,0
1546,2107,3974,0
1547,2108,12949,0
1548,2109,15371,0
1549,2111,704,0
1550,2117,12633,0
1551,2118,4683,0
1552,2119,10622,0
1553,2121,11307,0
1554,2124,15505,0
1555,2125,4926,0
1556,2126,19124,0
1557,2127,2627,0
1558,2130,4359,0
1559,2132,10087,0
1560,2133,3096,0
1561,2133,6384,0
1562,2135,7151,0
1563,2135,19050,0
1564,2136,4705,0
1565,2137,1930,0
1566,2138,18613,0
1567,2139,4270,0
1568,2140,2291,0
1569,2140,4233,0
1570,2140,4234,0
1571,2140,10253,0
1572,2141,5041,0
1573,2142,1895,0
1574,2144,12244,0
1575,2146,8537,0
1576,2147,12295,0
1577,2148,11933,0
1578,2149,18690,0
1579,2150,1911,0
1580,2151,7336,0
1581,2152,8414,0
1582,2153,20577,0
1583,2154,19983,0
1584,2155,2595,0
1585,2157,1586,0
1586,2159,15785,0
1587,2160,15758,0
1588,2163,4094,0
1589,2164,4261,0
1590,2166,15394,0
1591,2167,2998,0
1592,2171,5959,0
1593,2177,650,0
1594,2178,580,0
1595,2180,4758,0
1596,2181,2657,0
1597,2182,7742,0
1598,2183,1056,0
1599,2184,1714,0
1600,2186,6108,0
1601,2187,20448,0
1602,2188,13031,0
1603,2189,9880,0
1604,2192,5761,0
1605,2193,14623,0
1606,2194,11109,1
1607,2195,19001,0
1608,2196,4589,0
1609,2197,13700,0
1610,2202,21540,0
1611,2204,2405,0
1612,2207,19409,0
1613,2208,15415,0
1614,2211,13270,0
1615,2212,1488,0
1616,2213,19436,0
1617,2215,8787,0
1618,2217,21891,0
1619,2218,12199,0
1620,2219,954,0
1621,2225,9438,0
1622,2226,12666,0
1623,2228,2619,0
1624,2229,14755,0
1625,2230,12911,0
1626,2231,990,0
1627,2234,9114,0
1628,2235,15372,0
1629,2236,11245,0
1630,2237,13293,0
1631,2238,18835,0
1632,2239,14279,0
1633,2240,7531,0
1634,2241,12851,0
1635,2242,21989,0
1636,2244,47,0
1637,2245,14323,0
1638,2247,14899,0
1639,2248,6301,0
1640,2251,20332,0
1641,2252,14192,0
1642,2253,15249,0
1643,2254,6202,0
1644,2255,4044,0
1645,2259,4363,0
1646,2260,15719,0
1647,2261,14006,0
1648,2263,6961,0
1649,2264,19564,0
1650,2266,8482,0
1651,2267,9970,0
1652,2268,20374,0
1653,2269,12248,0
1654,2270,16063,0
1655,2271,10986,0
1656,2273,11282,0
1657,2274,18801,0
1658,2275,5644,0
1659,2280,5960,0
1660,2281,9273,0
1661,2282,6355,0
1662,2283,1245,0
1663,2284,14251,0
1664,2285,15881,0
1665,2286,12573,0
1666,2289,14125,0
1667,2290,8322,0
1668,2291,11546,0
1669,2292,3103,0
1670,2293,6548,0
1671,2294,10419,0
1672,2295,6758,0
1673,2296,4824,0
1674,2298,8456,0
1675,2299,15388,0
1676,2300,5538,0
1677,2301,13180,0
1678,2303,3503,0
1679,2305,11213,0
1680,2306,9556,0
1681,2307,6694,0
1682,2309,3912,0
1683,2310,4932,0
1684,2311,19587,0
1685,2312,8945,0
1686,2314,18786,0
1687,2315,7547,0
1688,2316,7894,0
1689,2317,5858,0
1690,2318,14722,0
1691,2319,7666,0
1692,2320,10053,0
1693,2322,8450,1
1694,2323,8220,0
1695,2324,8559,0
1696,2325,11835,0
1697,2326,20912,0
1698,2327,20946,0
1699,2328,15191,0
1700,2329,9193,0
1701,2330,187,0
1702,2333,10109,0
1703,2335,42,0
1704,2336,5846,0
1705,2337,1774,0
1706,2338,8573,0
1707,2339,16144,0
1708,2340,1800,0
1709,2341,3127,0
1710,2342,8614,0
1711,2347,7839,0
1712,2348,9301,0
1713,2349,9392,0
1714,2350,7446,0
1715,2352,3189,0
1716,2355,3049,0
1717,2356,18831,0
1718,2360,8049,0
1719,2362,9672,0
1720,2363,13012,0
1721,2365,14527,0
1722,2367,7852,0
1723,2368,5338,0
1724,2369,12438,0
1725,2370,21181,0
1726,2371,6030,0
1727,2372,11964,0
1728,2373,20709,0
1729,2374,16113,0
1730,2375,14941,0
1731,2376,5917,0
1732,2377,1308,0
1733,2378,13771,0
1734,2379,8320,0
1735,2380,2501,0
1736,2381,13439,0
1737,2382,7889,0
1738,2383,2851,0
1739,2385,5767,0
1740,2386,4056,0
1741,2387,19665,0
1742,2388,9879,0
1743,2390,9711,0
1744,2392,13910,0
1745,2394,13253,0
1746,2397,7295,0
1747,2398,8675,0
1748,2399,6663,0
1749,2400,2310,0
1750,2401,12436,0
1751,2405,13013,0
1752,2407,14255,0
1753,2408,13984,0
1754,2409,9745,0
1755,2412,12139,0
1756,2413,1860,0
1757,2414,33,0
1758,2416,5400,0
1759,2419,20307,0
1760,2420,1989,0
1761,2421,1578,0
1762,2422,699,0
1763,2424,21496,0
1764,2429,5967,0
1765,2430,4566,0
1766,2431,12057,0
1767,2432,15210,0
1768,2433,22011,0
1769,2434,20693,0
1770,2435,9797,0
1771,2437,8540,0
1772,2439,6814,1
1773,2440,9424,0
1774,2441,21373,0
1775,2442,22042,0
1776,2443,2459,0
1777,2443,10424,0
1778,2445,13066,0
1779,2446,13982,0
1780,2450,19428,0
1781,2452,16070,0
1782,2456,11562,0
1783,2458,14538,0
1784,2459,1907,0
1785,2460,615,0
1786,2462,22033,0
1787,2463,4684,0
1788,2464,13686,0
1789,2465,7367,0
1790,2466,17500,0
1791,2468,19313,0
1792,2469,15171,0
1793,2470,223,0
1794,2471,4728,1
1795,2474,6466,0
1796,2475,10339,0
1797,2476,3009,0
1798,2478,6341,0
1799,2479,21548,0
1800,2480,5962,0
1801,2481,11429,0
1802,2483,11841,0
1803,2484,7413,0
1804,2485,20010,0
1805,2487,10911,0
1806,2488,1137,0
1807,2490,10697,0
1808,2492,12125,0
1809,2496,7994,0
1810,2497,11857,0
1811,2498,7488,0
1812,2502,7954,0
1813,2504,14756,0
1814,2505,11914,0
1815,2506,15387,0
1816,2507,7055,0
1817,2509,15343,0
1818,2510,13583,0
1819,2511,11829,0
1820,2512,5493,0
1821,2514,2640,0
1822,2515,16068,0
1823,2516,20551,0
1824,2519,20237,0
1825,2520,8177,1
1826,2521,20188,0
1827,2522,210,1
1828,2523,9921,0
1829,2524,2156,0
1830,2525,5372,0
1831,2526,11575,0
1832,2527,7303,0
1833,2531,4659,0
1834,2532,13819,0
1835,2536,7762,0
1836,2537,10479,0
1837,2538,6192,0
1838,2539,3728,0
1839,2540,21344,0
1840,2543,571,0
1841,2544,4674,0
1842,2548,3616,0
1843,2550,7594,0
1844,2552,97,0
1845,2553,19396,0
1846,3,4378,1
1847,6,9015,1
1848,7,1303,1
1849,9,2456,1
1850,15,4282,1
1851,19,13057,1
1852,26,537,1
1853,29,6031,1
1854,39,10872,1
1855,41,6816,1
1856,49,8096,1
1857,57,13302,1
1858,65,11129,1
1859,66,3668,1
1860,93,8350,1
1861,102,11759,1
1862,104,11791,1
1863,107,12090,1
1864,108,21709,1
1865,114,9223,1
1866,126,1555,1
1867,128,2701,1
1868,128,10640,1
1869,130,9890,1
1870,131,5595,1
1871,133,18758,1
1872,137,21120,0
1873,138,11468,1
1874,148,18936,1
1875,149,19030,1
1876,159,9709,1
1877,163,123,0
1878,168,20286,1
1879,176,4854,1
1880,182,7399,1
1881,186,1928,1
1882,191,1243,1
1883,191,11197,1
1884,192,11131,1
1885,193,19880,1
1886,194,6876,1
1887,202,2447,1
1888,205,10517,1
1889,211,400,1
1890,217,5274,1
1891,218,5046,1
1892,219,8696,1
1893,222,1354,1
1894,225,12627,1
1895,229,13258,0
1896,239,10617,1
1897,258,10646,1
1898,259,10734,1
1899,261,3238,1
1900,261,5192,1
1901,266,2949,1
1902,272,3965,1
1903,281,7824,1
1904,286,18626,1
1905,294,19911,1
1906,299,4644,1
1907,303,19299,1
1908,307,10209,1
1909,309,19291,1
1910,312,13299,1
1911,313,8870,0
1912,317,1082,1
1913,319,21483,1
1914,323,1244,1
1915,324,8519,1
1916,328,14369,1
1917,329,7314,1
1918,330,1599,1
1919,334,10661,1
1920,336,20174,1
1921,346,8304,1
1922,347,14458,0
1923,351,10048,1
1924,356,21591,1
1925,360,11566,1
1926,362,3235,1
1927,372,8437,0
1928,375,5041,1
1929,376,9389,1
1930,378,21690,1
1931,386,4058,1
1932,395,99,1
1933,396,7144,1
1934,416,19475,1
1935,426,14868,1
1936,429,3273,1
1937,446,5774,1
1938,447,13174,1
1939,448,13173,1
1940,453,4892,1
1941,453,10899,1
1942,454,1891,1
1943,457,8018,1
1944,463,11440,1
1945,465,7304,1
1946,470,10874,1
1947,474,18529,0
1948,475,781,1
1949,480,376,1
1950,481,986,1
1951,483,9130,1
1952,491,19957,1
1953,502,11435,1
1954,511,1392,0
1955,512,9060,1
1956,518,2138,1
1957,522,14014,1
1958,528,21347,1
1959,531,19817,1
1960,537,790,0
1961,539,11542,1
1962,540,9383,1
1963,541,9189,1
1964,542,13159,1
1965,547,9295,1
1966,548,3414,1
1967,558,5883,1
1968,567,12173,1
1969,575,5075,1
1970,579,15015,0
1971,584,965,1
1972,589,15495,1
1973,591,5594,1
1974,595,14869,0
1975,597,22043,0
1976,599,556,1
1977,600,12881,1
1978,603,21731,1
1979,604,15829,1
1980,611,8429,1
1981,614,22045,1
1982,615,17519,0
1983,623,14735,1
1984,624,4039,1
1985,630,12817,0
1986,632,13149,1
1987,636,9151,1
1988,637,15920,1
1989,639,10128,1
1990,648,4759,0
1991,652,6708,1
1992,654,14489,1
1993,658,21942,1
1994,660,10273,1
1995,663,7135,1
1996,666,12514,0
1997,667,7079,1
1998,672,2944,1
1999,678,8962,1
2000,680,843,0
2001,681,20251,1
2002,687,20212,1
2003,690,12896,1
2004,692,18704,1
2005,693,104,1
2006,694,20006,1
2007,695,12569,1
2008,705,12895,1
2009,707,11829,1
2010,709,1096,0
2011,710,2945,1
2012,711,7671,1
2013,714,16478,1
2014,719,6972,1
2015,719,15628,0
2016,722,12995,1
2017,723,9675,1
2018,734,5991,1
2019,735,12273,1
2020,737,6759,1
2021,742,8235,1
2022,745,11810,1
2023,749,15430,1
2024,750,10530,1
2025,759,8381,1
2026,763,13078,0
2027,765,15415,1
2028,769,6362,1
2029,770,11223,1
2030,771,5517,1
2031,784,12733,1
2032,785,10845,0
2033,788,14901,1
2034,798,6373,1
2035,803,4121,1
2036,805,14294,1
2037,810,1480,1
2038,816,11998,0
2039,818,979,1
2040,828,10887,1
2041,832,4597,1
2042,836,770,0
2043,836,2757,0
2044,836,2758,0
2045,836,2759,0
2046,836,4675,0
2047,836,4676,0
2048,836,4677,0
2049,836,6701,0
2050,836,8737,0
2051,836,8738,0
2052,836,8739,1
2053,836,10704,0
2054,836,10706,0
2055,836,10707,0
2056,836,12723,0
2057,836,12727,0
2058,836,12728,0
2059,836,14645,0
2060,836,15776,0
2061,836,21563,0
2062,1189,770,1
2063,1189,2757,1
2064,1189,2758,1
2065,1189,2759,1
2066,1189,4675,1
2067,1189,4676,1
2068,1189,4677,1
2069,1189,6701,1
2070,1189,8737,1
2071,1189,8738,1
2072,1189,8739,1
2073,1189,10704,1
2074,1189,10706,1
2075,1189,10707,1
2076,1189,12723,1
2077,1189,12727,1
2078,1189,12728,1
2079,1189,14645,1
2080,1189,15776,1
2081,1189,21563,1
2082,1190,770,1
2083,1190,2757,1
2084,1190,2758,1
2085,1190,2759,1
2086,1190,4675,1
2087,1190,4676,1
2088,1190,4677,1
2089,1190,6701,1
2090,1190,8737,1
2091,1190,8738,1
2092,1190,8739,1
2093,1190,10704,1
2094,1190,10706,1
2095,1190,10707,1
2096,1190,12723,1
2097,1190,12727,1
2098,1190,12728,1
2099,1190,14645,1
2100,1190,15776,1
2101,1190,21563,1
2102,1705,770,0
2103,1705,2757,0
2104,1705,2758,0
2105,1705,2759,0
2106,1705,4675,0
2107,1705,4676,0
2108,1705,4677,0
2109,1705,6701,0
2110,1705,8737,0
2111,1705,8738,0
2112,1705,8739,0
2113,1705,10704,0
2114,1705,10706,0
2115,1705,10707,0
2116,1705,12723,0
2117,1705,12727,0
2118,1705,12728,0
2119,1705,14645,1
2120,1705,15776,0
2121,1705,21563,0
2122,838,715,1
2123,848,602,1
2124,850,8443,1
2125,857,7347,1
2126,864,11894,1
2127,870,14930,1
2128,871,20288,1
2129,872,15268,1
2130,874,5644,1
2131,875,4226,0
2132,893,11620,1
2133,898,7383,0
2134,898,15335,0
2135,903,16989,1
2136,905,19636,1
2137,906,3469,1
2138,907,13994,0
2139,908,13023,1
2140,916,8910,1
2141,920,3246,1
2142,935,14800,1
2143,936,14004,1
2144,937,19775,1
2145,938,15252,1
2146,939,3615,1
2147,941,2805,1
2148,944,14177,1
2149,945,3103,1
2150,949,7346,1
2151,950,15942,1
2152,961,14317,1
2153,970,6930,1
2154,973,21568,1
2155,975,13422,1
2156,977,409,0
2157,986,6669,1
2158,997,4379,1
2159,999,4923,1
2160,1005,11657,1
2161,1007,11116,0
2162,1010,15003,1
2163,1011,13413,1
2164,1014,7028,1
2165,1022,12116,1
2166,1024,12674,1
2167,1031,13438,1
2168,1035,21947,0
2169,1037,12168,1
2170,1038,19035,1
2171,1044,3009,1
2172,1066,8297,1
2173,1071,16126,1
2174,1073,2522,1
2175,1074,20740,1
2176,1083,20644,1
2177,1095,2702,1
2178,1102,7853,1
2179,1104,1397,1
2180,1107,12700,0
2181,1108,10672,1
2182,1112,10800,1
2183,1119,3471,1
2184,1120,21780,0
2185,1121,14109,1
2186,1124,15647,1
2187,1125,8267,1
2188,1137,4429,0
2189,1138,9085,1
2190,1140,9097,1
2191,1141,9253,1
2192,1142,14277,1
2193,1149,9481,1
2194,1159,13109,1
2195,1165,3695,1
2196,1175,19245,1
2197,1183,11288,1
2198,1185,11039,1
2199,1186,16092,1
2200,1193,4493,1
2201,1195,5364,1
2202,1197,4814,1
2203,1198,14823,1
2204,1200,19354,1
2205,1208,3254,1
2206,1209,9717,1
2207,1210,1324,1
2208,1218,5267,1
2209,1219,14406,1
2210,1224,8070,1
2211,1230,4667,1
2212,1237,6974,1
2213,1242,2465,1
2214,1246,21594,0
2215,1251,2073,0
2216,1256,20411,1
2217,1261,8266,1
2218,1282,1240,1
2219,1298,8455,1
2220,1301,6494,1
2221,1305,2558,1
2222,1315,15122,0
2223,1315,21112,1
2224,1320,884,1
2225,1324,912,1
2226,1340,8496,0
2227,1349,12191,0
2228,1353,6819,1
2229,1356,11269,1
2230,1359,1903,1
2231,1360,994,1
2232,1368,12442,1
2233,1369,14864,1
2234,1370,5172,1
2235,1380,20890,1
2236,1390,4562,0
2237,1391,2976,1
2238,1396,2438,0
2239,1402,20183,1
2240,1403,21315,1
2241,1405,14894,1
2242,1413,2788,1
2243,1414,2485,1
2244,1418,14715,1
2245,1432,6230,1
2246,1435,7324,0
2247,1441,15284,1
2248,1447,2445,0
2249,1451,4719,1
2250,1454,10760,1
2251,1458,16055,1
2252,1460,14498,0
2253,1468,2293,1
2254,1473,3250,1
2255,1474,3961,1
2256,1476,11083,1
2257,1479,14289,0
2258,1484,15558,1
2259,1487,3573,1
2260,1498,5234,1
2261,1501,5285,0
2262,1504,4817,1
2263,1508,19514,1
2264,1509,9332,1
2265,1510,19042,1
2266,1513,1592,1
2267,1516,888,1
2268,1522,1025,1
2269,1530,21644,0
2270,1534,1090,0
2271,1539,4756,1
2272,1542,10127,1
2273,1552,9156,1
2274,1558,4508,0
2275,1560,19669,1
2276,1562,12169,1
2277,1563,430,1
2278,1564,6914,1
2279,1573,5415,1
2280,1577,13540,1
2281,1578,3323,1
2282,1589,2645,1
2283,1609,2509,0
2284,1614,11350,1
2285,1615,12973,1
2286,1619,9585,1
2287,1620,21685,0
2288,1623,6592,1
2289,1624,5013,1
2290,1626,13619,1
2291,1628,6288,0
2292,1635,20243,1
2293,1637,1270,1
2294,1641,15009,0
2295,1643,2779,1
2296,1652,14384,1
2297,1653,1649,1
2298,1656,14169,1
2299,1660,11172,1
2300,1666,6194,1
2301,1671,20794,1
2302,1694,11026,0
2303,1700,13659,0
2304,1728,12125,1
2305,1732,5720,1
2306,1738,20132,1
2307,1742,15527,1
2308,1751,20117,1
2309,1758,13845,1
2310,1789,11778,0
2311,1792,8494,1
2312,1797,6004,1
2313,1803,6872,1
2314,1813,1607,1
2315,1820,4224,0
2316,1829,19353,1
2317,1832,432,1
2318,1833,9342,1
2319,1837,13677,1
2320,1841,2326,1
2321,1843,9691,1
2322,1845,185,1
2323,1854,10030,1
2324,1862,15434,1
2325,1863,21325,0
2326,1868,4494,1
2327,1874,14194,1
2328,1875,9386,0
2329,1877,2927,1
2330,1883,19123,1
2331,1885,2010,1
2332,1891,15304,1
2333,1893,11120,1
2334,1895,7660,1
2335,1899,5458,1
2336,1901,10882,1
2337,1903,10674,1
2338,1907,10481,1
2339,1908,20111,1
2340,1909,11284,1
2341,1927,19026,1
2342,1928,13789,1
2343,1930,15375,1
2344,1931,11214,1
2345,1932,9095,1
2346,1936,11295,1
2347,1937,8500,1
2348,1938,19138,1
2349,1939,20177,1
2350,1943,15780,1
2351,1946,1315,1
2352,1951,20443,1
2353,1952,1769,1
2354,1953,11438,1
2355,1960,2284,1
2356,1963,6961,1
2357,1964,14803,0
2358,1966,656,1
2359,1973,3155,1
2360,1975,8180,1
2361,1976,12093,1
2362,1983,6913,1
2363,1984,1120,1
2364,1987,10905,1
2365,1992,1274,1
2366,1999,20189,1
2367,2004,1747,1
2368,2006,13921,1
2369,2007,20461,1
2370,2013,9226,1
2371,2016,12006,1
2372,2018,5207,1
2373,2026,18648,1
2374,2029,14035,1
2375,2031,9533,1
2376,2037,21543,1
2377,2039,7443,1
2378,2040,9550,0
2379,2047,8524,1
2380,2050,21912,0
2381,2059,5734,1
2382,2063,6308,1
2383,2071,8814,0
2384,2072,4159,1
2385,2073,15479,0
2386,2078,3894,1
2387,2083,14539,1
2388,2087,11143,1
2389,2089,7048,1
2390,2093,16311,1
2391,2099,12941,1
2392,2100,20731,1
2393,2101,15843,1
2394,2106,1253,0
2395,2117,14557,1
2396,2118,20621,1
2397,2124,11564,1
2398,2125,16072,1
2399,2132,7358,0
2400,2133,10434,1
2401,2139,101,1
2402,2141,11048,0
2403,2142,5920,1
2404,2146,6470,0
2405,2147,2887,1
2406,2150,21343,1
2407,2151,7338,1
2408,2155,4509,0
2409,2163,8469,1
2410,2164,3694,1
2411,2184,11689,0
2412,2186,13583,1
2413,2190,2310,1
2414,2193,5682,1
2415,2193,9730,1
2416,2194,5101,1
2417,2211,4646,1
2418,2213,21798,1
2419,2217,19467,1
2420,2237,1696,1
2421,2243,481,1
2422,2244,594,0
2423,2245,3566,1
2424,2248,8368,1
2425,2253,11265,1
2426,2255,14015,1
2427,2259,14834,1
2428,2260,13722,1
2429,2264,19007,1
2430,2265,18698,1
2431,2266,13318,1
2432,2267,2527,0
2433,2273,5255,1
2434,2274,356,1
2435,2275,19662,1
2436,2296,12892,0
2437,2324,20693,0
2438,2326,1681,1
2439,2327,8544,1
2440,2329,14073,1
2441,2334,10108,1
2442,2335,8279,1
2443,2339,2236,1
2444,2340,3758,1
2445,2345,15061,1
2446,2353,13476,1
2447,2365,8618,1
2448,2368,15351,1
2449,2369,20052,1
2450,2378,11830,1
2451,2379,10267,1
2452,2381,3482,1
2453,2387,20821,1
2454,2392,15893,1
2455,2394,13251,1
2456,2400,10787,1
2457,2405,8668,1
2458,2407,12311,1
2459,2408,5518,1
2460,2409,11714,1
2461,2422,8663,1
2462,2435,20419,1
2463,2459,7486,1
2464,2462,14117,1
2465,2471,19283,1
2466,2474,14437,0
2467,2476,6955,1
2468,2481,6885,1
2469,2485,8095,1
2470,2488,5635,1
2471,2501,4362,1
2472,2503,20051,1
2473,2507,5038,0
2474,2510,11625,1
2475,2511,21503,1
2476,2516,20309,0
2477,2519,2668,1
2478,2520,15683,1
2479,2522,3324,1
2480,2523,10365,1
2481,2527,13282,1
2482,2531,19976,0
2483,2538,2279,1
2484,2540,5175,1
2485,2543,2533,0
2486,2548,19117,1
2487,0,10374,0
2488,1,634,0
2489,2,20002,0
2490,3,9519,0
2491,5,14482,0
2492,6,3047,0
2493,7,21000,0
2494,8,200,0
2495,8,10056,0
2496,9,486,0
2497,10,2858,0
2498,13,4214,0
2499,14,1699,0
2500,15,6267,0
2501,16,21600,0
2502,18,12138,0
2503,19,3069,0
2504,20,14592,0
2505,21,7853,0
2506,22,21693,0
2507,24,12956,0
2508,26,10990,0
2509,29,6033,0
2510,30,13098,0
2511,32,3798,0
2512,33,8181,0
2513,35,16018,0
2514,36,21331,0
2515,37,7222,0
2516,38,13700,0
2517,39,14825,0
2518,41,6830,0
2519,42,15438,0
2520,43,9961,0
2521,47,4381,0
2522,48,19433,0
2523,49,9437,0
2524,50,2014,0
2525,51,21298,0
2526,53,14687,0
2527,54,13476,0
2528,55,4849,0
2529,57,14016,0
2530,58,15494,0
2531,62,14548,0
2532,63,2989,0
2533,65,3177,0
2534,66,5652,0
2535,68,2541,0
2536,69,3477,0
2537,70,21885,0
2538,71,468,0
2539,73,18932,0
2540,74,20274,0
2541,75,8431,1
2542,77,986,0
2543,79,407,0
2544,80,10070,0
2545,82,5902,0
2546,83,5328,0
2547,85,9496,0
2548,86,4057,0
2549,87,122,0
2550,89,6063,0
2551,90,3902,0
2552,91,2351,0
2553,92,16120,0
2554,93,9112,0
2555,96,15074,0
2556,98,2775,0
2557,99,4520,0
2558,100,9125,0
2559,101,2593,0
2560,102,13720,0
2561,104,7598,0
2562,105,868,0
2563,105,8837,0
2564,106,11283,0
2565,108,12933,0
2566,109,108,0
2567,110,14926,0
2568,111,14374,0
2569,113,997,0
2570,114,7870,0
2571,115,5688,0
2572,116,15921,0
2573,117,7323,0
2574,120,933,0
2575,121,20284,0
2576,124,7159,0
2577,125,14792,0
2578,126,42,0
2579,128,22063,0
2580,130,14787,0
2581,131,7613,0
2582,132,12354,0
2583,133,5768,0
2584,136,613,0
2585,137,443,0
2586,138,12105,0
2587,139,10220,0
2588,140,11756,0
2589,142,4468,0
2590,143,6391,0
2591,144,7970,1
2592,145,20147,0
2593,146,12097,0
2594,148,6009,0
2595,150,1203,0
2596,151,3814,0
2597,154,19153,0
2598,157,12553,0
2599,158,9350,0
2600,159,8243,0
2601,160,21134,0
2602,161,12601,0
2603,162,18627,0
2604,163,10040,0
2605,163,13847,0
2606,164,8414,0
2607,166,12781,0
2608,167,4099,0
2609,168,4307,0
2610,170,2952,0
2611,172,1152,0
2612,173,1249,0
2613,174,7490,0
2614,176,951,0
2615,177,14903,0
2616,178,4827,0
2617,179,6355,0
2618,180,13787,0
2619,182,11396,0
2620,183,14155,0
2621,185,10646,0
2622,186,15993,0
2623,187,15932,0
2624,188,15408,0
2625,189,3337,0
2626,190,1790,0
2627,190,6411,0
2628,191,5169,0
2629,192,1184,0
2630,193,9940,0
2631,194,12194,0
2632,202,7022,0
2633,204,7678,0
2634,205,14642,0
2635,206,2049,0
2636,207,9459,0
2637,209,10972,0
2638,210,8870,0
2639,211,8147,0
2640,213,8723,0
2641,214,18709,0
2642,215,11432,0
2643,216,11143,0
2644,218,9080,0
2645,219,8698,1
2646,220,12026,0
2647,221,7404,0
2648,223,5971,0
2649,224,12644,0
2650,225,10571,0
2651,227,10016,0
2652,228,4383,0
2653,229,3282,0
2654,230,19762,0
2655,231,11156,0
2656,232,12964,0
2657,238,3640,0
2658,239,20102,0
2659,240,2063,0
2660,242,13310,0
2661,244,12846,0
2662,246,12967,0
2663,247,9570,0
2664,248,1688,0
2665,249,5069,0
2666,250,13364,0
2667,251,4990,0
2668,252,11610,0
2669,253,5723,0
2670,255,961,0
2671,256,4631,0
2672,259,8761,0
2673,261,19065,0
2674,264,16601,0
2675,265,20891,0
2676,266,12918,0
2677,267,16150,0
2678,269,15630,0
2679,271,9010,0
2680,272,7092,0
2681,274,13859,0
2682,276,21645,0
2683,277,15099,0
2684,279,12010,0
2685,280,14822,0
2686,281,60,0
2687,282,4785,0
2688,284,2675,0
2689,285,1780,0
2690,286,13432,0
2691,287,3925,0
2692,289,15406,0
2693,290,15478,0
2694,291,20610,0
2695,293,10505,0
2696,294,19343,0
2697,295,4059,0
2698,296,10283,0
2699,297,19042,0
2700,298,10452,0
2701,299,3412,0
2702,300,8413,0
2703,303,12749,0
2704,304,10558,0
2705,305,15292,0
2706,307,9156,0
2707,308,8239,0
2708,309,12829,0
2709,309,16913,0
2710,310,2925,0
2711,312,13298,0
2712,313,13438,0
2713,315,1727,1
2714,316,11575,0
2715,317,9242,0
2716,318,4561,0
2717,319,19634,0
2718,321,9747,0
2719,322,4893,0
2720,323,19203,0
2721,324,21543,0
2722,325,1437,0
2723,326,11423,0
2724,328,8694,0
2725,329,1327,0
2726,330,13536,0
2727,332,21308,0
2728,334,6657,0
2729,335,9084,0
2730,336,9219,0
2731,337,1853,0
2732,339,9611,0
2733,341,13649,0
2734,342,21065,0
2735,344,11989,0
2736,346,6248,0
2737,347,19458,0
2738,348,1189,0
2739,349,14900,0
2740,350,75,0
2741,351,2552,0
2742,354,10897,0
2743,355,12970,0
2744,356,7141,0
2745,357,7658,0
2746,359,7992,0
2747,360,15338,0
2748,362,155,0
2749,365,15693,0
2750,367,4635,0
2751,370,21042,0
2752,371,6661,0
2753,372,7994,0
2754,373,3385,0
2755,374,14591,0
2756,375,11048,0
2757,376,1761,0
2758,377,1055,0
2759,378,19821,0
2760,379,20659,0
2761,380,2649,0
2762,381,13638,0
2763,383,7357,0
2764,385,11736,0
2765,386,20008,0
2766,388,3188,0
2767,389,20139,0
2768,390,11602,0
2769,391,18756,0
2770,392,16053,0
2771,393,4056,0
2772,394,7983,0
2773,395,14992,0
2774,396,18754,0
2775,397,14826,0
2776,398,11373,0
2777,399,8211,0
2778,400,2189,0
2779,403,863,0
2780,408,4977,0
2781,410,9323,0
2782,411,19309,0
2783,412,7414,0
2784,413,8884,0
2785,414,22007,0
2786,416,12290,0
2787,419,13255,0
2788,420,8955,0
2789,421,19848,0
2790,422,15159,0
2791,423,7981,0
2792,424,8534,0
2793,425,462,0
2794,426,14871,0
2795,427,8496,0
2796,428,10976,0
2797,429,7262,0
2798,431,14648,0
2799,432,4317,0
2800,433,9158,0
2801,434,19756,0
2802,435,7151,0
2803,435,19050,0
2804,436,19968,0
2805,438,45,0
2806,442,12339,0
2807,443,5959,0
2808,446,15162,0
2809,447,5343,0
2810,448,13174,0
2811,449,9089,0
2812,450,4636,0
2813,451,11217,0
2814,452,10014,0
2815,453,7730,0
2816,454,5225,0
2817,455,972,0
2818,456,17470,0
2819,457,8016,0
2820,458,9322,0
2821,459,15754,0
2822,460,4338,0
2823,461,6804,0
2824,463,5156,0
2825,464,3818,0
2826,465,5243,0
2827,469,12686,1
2828,470,2958,0
2829,472,1417,0
2830,473,6136,0
2831,474,1225,0
2832,475,10717,0
2833,476,2717,1
2834,477,21046,0
2835,478,7372,0
2836,479,19088,0
2837,480,14225,0
2838,483,20810,0
2839,484,12803,0
2840,489,2307,0
2841,490,581,0
2842,491,19834,0
2843,492,14430,0
2844,493,12377,0
2845,494,6410,0
2846,495,10195,0
2847,496,6795,0
2848,498,10860,0
2849,499,11941,0
2850,502,5421,0
2851,503,7795,0
2852,504,4436,0
2853,505,21019,0
2854,506,21169,0
2855,507,11953,0
2856,508,1702,0
2857,509,4167,0
2858,510,1360,0
2859,511,7377,0
2860,512,10306,0
2861,513,2644,0
2862,514,4921,0
2863,515,4900,0
2864,518,6079,0
2865,519,14264,0
2866,525,12568,0
2867,526,13637,0
2868,528,5203,0
2869,529,9302,0
2870,530,8477,0
2871,531,8697,1
2872,532,12464,0
2873,533,4483,0
2874,534,2190,0
2875,536,12181,0
2876,537,4987,0
2877,538,5430,0
2878,539,4113,0
2879,540,9384,0
2880,540,13347,0
2881,541,1231,0
2882,542,9148,0
2883,544,13664,0
2884,547,11543,0
2885,548,2845,0
2886,549,5145,0
2887,550,2555,0
2888,551,18894,0
2889,555,21725,0
2890,557,4453,0
2891,558,21363,0
2892,559,707,0
2893,560,2516,0
2894,561,14856,0
2895,562,10922,0
2896,563,682,0
2897,564,11977,0
2898,565,10936,0
2899,566,14623,0
2900,567,11713,0
2901,570,5426,0
2902,571,3320,0
2903,572,9906,0
2904,573,6425,0
2905,574,16055,1
2906,575,20458,0
2907,578,9425,0
2908,579,1099,0
2909,580,15448,0
2910,581,11487,0
2911,582,14874,1
2912,584,4868,0
2913,585,14867,0
2914,587,14455,0
2915,588,781,0
2916,589,10864,0
2917,591,817,0
2918,592,2519,1
2919,593,13065,0
2920,594,4073,0
2921,595,19713,0
2922,596,12627,0
2923,597,99,0
2924,599,6457,0
2925,602,11648,0
2926,603,14001,0
2927,604,13834,0
2928,606,7177,0
2929,609,9469,0
2930,610,19087,0
2931,611,12403,0
2932,612,10234,0
2933,613,9244,0
2934,614,11998,0
2935,615,11341,0
2936,616,11665,0
2937,617,4475,0
2938,618,10042,0
2939,619,3854,0
2940,620,8436,0
2941,621,7212,0
2942,622,1399,0
2943,623,3546,0
2944,624,5487,0
2945,626,18662,0
2946,626,19018,0
2947,627,2499,0
2948,628,1394,0
2949,629,2740,0
2950,630,12819,0
2951,631,13214,0
2952,632,11119,0
2953,633,11707,0
2954,634,4828,0
2955,637,7828,0
2956,638,5820,0
2957,639,1881,0
2958,641,1200,0
2959,642,867,0
2960,643,5568,0
2961,644,12588,0
2962,645,8787,0
2963,646,903,1
2964,647,9009,0
2965,648,14723,0
2966,652,13896,0
2967,654,15873,0
2968,655,6977,0
2969,656,8027,0
2970,658,10831,0
2971,660,12273,0
2972,662,3967,0
2973,663,9145,0
2974,664,12886,0
2975,666,570,0
2976,667,6298,0
2977,669,13835,0
2978,672,4855,0
2979,673,15180,0
2980,674,14595,0
2981,675,15821,0
2982,677,10907,0
2983,678,995,0
2984,679,15499,0
2985,680,12035,0
2986,681,20832,0
2987,683,1850,0
2988,684,15210,0
2989,685,13868,0
2990,686,18655,0
2991,687,19929,0
2992,688,11971,0
2993,689,5958,0
2994,690,14798,0
2995,691,13982,0
2996,693,11074,0
2997,694,3224,0
2998,695,3526,0
2999,696,9714,0
3000,697,15370,0
3001,698,19849,0
3002,699,494,0
3003,701,20616,0
3004,704,2636,0
3005,707,21503,0
3006,708,20162,0
3007,709,19869,0
3008,710,713,0
3009,711,7667,0
3010,712,20875,0
3011,713,9902,0
3012,714,20770,0
3013,715,7850,0
3014,717,20215,0
3015,718,14599,0
3016,719,21825,0
3017,720,19936,0
3018,722,548,1
3019,723,1687,1
3020,725,2967,0
3021,726,10508,0
3022,730,717,0
3023,731,8212,0
3024,732,13861,0
3025,733,4762,0
3026,733,11005,0
3027,733,19572,0
3028,734,4003,0
3029,735,2311,0
3030,736,19620,0
3031,737,2930,0
3032,738,4506,0
3033,739,559,0
3034,740,17218,0
3035,741,5277,0
3036,742,14679,1
3037,743,5404,0
3038,744,8344,0
3039,745,11811,0
3040,747,6694,0
3041,748,12938,0
3042,749,13939,0
3043,750,16080,0
3044,751,7085,0
3045,752,15668,0
3046,755,942,0
3047,756,2557,0
3048,757,6333,0
3049,758,19772,0
3050,759,6310,0
3051,763,9011,0
3052,764,5823,0
3053,766,6114,0
3054,767,10286,0
3055,768,7740,0
3056,769,10439,0
3057,770,5072,0
3058,771,4070,0
3059,772,16178,0
3060,773,7502,0
3061,774,9592,0
3062,775,5380,0
3063,776,1460,0
3064,777,13449,0
3065,781,6882,0
3066,782,21987,0
3067,783,14841,0
3068,785,9107,0
3069,788,4939,0
3070,791,9770,0
3071,792,12867,1
3072,793,6032,0
3073,794,15687,1
3074,796,12388,0
3075,797,12495,0
3076,800,15759,0
3077,803,9072,0
3078,805,4311,0
3079,806,8343,0
3080,807,1054,1
3081,808,665,0
3082,810,573,0
3083,812,10397,0
3084,813,145,0
3085,813,15185,0
3086,814,8942,0
3087,816,20469,0
3088,818,2982,0
3089,819,14096,1
3090,820,14349,0
3091,821,7652,0
3092,823,16803,0
3093,824,20361,0
3094,825,19876,0
3095,826,14170,0
3096,827,20266,0
3097,828,12306,0
3098,831,6138,0
3099,832,14586,0
3100,833,6803,0
3101,834,10541,0
3102,835,5683,0
3103,836,6669,0
3104,1189,6669,0
3105,1190,6669,0
3106,1705,6669,0
3107,837,2104,0
3108,838,458,0
3109,839,15677,0
3110,840,9314,0
3111,842,20230,0
3112,843,2310,0
3113,847,1397,0
3114,848,11125,0
3115,850,484,0
3116,851,2092,0
3117,852,14680,0
3118,853,21675,0
3119,855,7163,0
3120,857,9363,0
3121,858,10081,0
3122,859,3662,0
3123,860,5849,0
3124,863,6462,0
3125,864,5880,0
3126,866,9077,0
3127,868,7061,0
3128,869,6068,0
3129,870,14931,0
3130,871,22017,0
3131,872,1674,0
3132,873,7606,0
3133,874,19662,0
3134,875,3948,0
3135,876,21739,0
3136,878,21066,0
3137,880,5986,0
3138,881,10588,0
3139,882,1087,0
3140,884,2602,0
3141,885,3182,0
3142,886,15826,0
3143,887,8278,0
3144,890,13697,0
3145,891,11624,0
3146,892,13992,0
3147,893,5582,0
3148,894,10874,0
3149,896,1632,0
3150,897,348,0
3151,898,11343,0
3152,900,6949,0
3153,901,186,0
3154,903,1604,0
3155,904,16075,0
3156,905,15557,0
3157,907,14625,0
3158,908,16016,0
3159,909,11154,0
3160,911,10856,0
3161,912,7767,0
3162,915,1844,0
3163,916,21012,0
3164,920,2772,0
3165,921,9914,0
3166,922,13506,0
3167,924,2316,0
3168,927,2667,0
3169,929,15200,0
3170,930,1310,0
3171,930,10965,0
3172,931,6451,0
3173,933,11082,0
3174,934,6266,0
3175,935,930,0
3176,936,11660,0
3177,937,7195,0
3178,938,11267,0
3179,939,6108,0
3180,941,798,0
3181,942,13616,0
3182,943,10628,0
3183,944,10251,0
3184,944,14190,0
3185,946,21947,0
3186,947,11440,0
3187,948,9163,1
3188,949,7361,0
3189,950,3559,0
3190,952,10636,0
3191,953,13966,0
3192,954,11905,0
3193,955,8316,0
3194,959,3976,0
3195,961,16083,0
3196,964,4772,0
3197,965,10557,0
3198,966,8305,0
3199,967,10580,0
3200,968,19351,0
3201,970,20732,0
3202,971,1472,0
3203,973,13950,0
3204,974,10336,0
3205,975,20585,0
3206,977,2365,0
3207,978,21524,0
3208,983,3572,0
3209,983,11574,0
3210,986,14618,0
3211,987,3207,0
3212,988,21557,0
3213,989,12476,0
3214,993,13134,0
3215,995,392,0
3216,996,2750,0
3217,997,18653,0
3218,998,5221,0
3219,999,14882,0
3220,1000,6737,0
3221,1001,14301,0
3222,1003,11214,0
3223,1004,19605,0
3224,1006,2370,0
3225,1007,21613,0
3226,1008,8222,0
3227,1009,8260,0
3228,1010,3117,0
3229,1011,3461,0
3230,1012,13711,0
3231,1013,6255,0
3232,1014,13064,0
3233,1015,402,0
3234,1016,4272,0
3235,1017,6557,0
3236,1018,7642,0
3237,1019,18881,0
3238,1020,14066,0
3239,1022,11541,0
3240,1023,20126,0
3241,1024,2702,0
3242,1026,2068,1
3243,1027,13968,0
3244,1028,5378,0
3245,1030,10555,0
3246,1031,9482,0
3247,1032,10290,0
3248,1033,2688,0
3249,1034,6062,0
3250,1035,7788,0
3251,1037,6129,1
3252,1038,10981,0
3253,1039,15333,0
3254,1043,8328,0
3255,1044,6955,0
3256,1045,9465,0
3257,1046,862,0
3258,1047,4579,0
3259,1049,13544,0
3260,1050,3122,0
3261,1052,15172,0
3262,1054,20719,0
3263,1055,10384,0
3264,1056,20325,0
3265,1063,7030,0
3266,1066,11982,0
3267,1067,6796,0
3268,1068,10586,0
3269,1069,3044,0
3270,1072,9195,0
3271,1073,11882,0
3272,1074,967,0
3273,1075,2653,0
3274,1076,5806,0
3275,1080,20660,0
3276,1081,7564,0
3277,1082,8481,0
3278,1085,13013,0
3279,1088,13641,0
3280,1090,10455,0
3281,1091,5406,0
3282,1092,7799,0
3283,1093,20665,0
3284,1094,21436,0
3285,1095,4607,0
3286,1098,21461,0
3287,1100,21748,0
3288,1101,15901,0
3289,1102,12925,0
3290,1103,21568,0
3291,1104,15342,0
3292,1105,5386,0
3293,1106,14317,0
3294,1107,13470,0
3295,1108,1833,0
3296,1109,8091,0
3297,1110,842,0
3298,1111,13363,0
3299,1112,14759,0
3300,1113,6642,0
3301,1114,7158,0
3302,1118,6957,0
3303,1119,13584,0
3304,1120,10816,0
3305,1121,16101,0
3306,1122,6886,0
3307,1124,11700,0
3308,1125,354,0
3309,1127,2222,0
3310,1129,10606,0
3311,1130,7252,0
3312,1131,10880,0
3313,1133,8885,0
3314,1135,8433,0
3315,1136,19272,0
3316,1137,17830,0
3317,1138,1358,0
3318,1140,669,0
3319,1141,15216,0
3320,1142,3607,0
3321,1143,429,0
3322,1144,451,0
3323,1145,2278,0
3324,1145,4787,0
3325,1146,13771,0
3326,1147,17501,0
3327,1148,11814,0
3328,1150,4202,0
3329,1151,19926,0
3330,1152,6184,0
3331,1154,1283,0
3332,1155,10921,0
3333,1156,4355,1
3334,1162,10166,0
3335,1163,6862,0
3336,1164,21136,0
3337,1165,5655,0
3338,1168,379,0
3339,1170,4128,0
3340,1170,10163,0
3341,1172,9835,0
3342,1173,13072,0
3343,1174,8327,0
3344,1175,21315,0
3345,1176,10691,0
3346,1181,2347,0
3347,1182,10803,0
3348,1183,5260,0
3349,1184,1019,0
3350,1185,20453,0
3351,1186,21473,0
3352,1187,9662,0
3353,1188,11690,0
3354,1191,18698,0
3355,1192,9366,0
3356,1193,21925,0
3357,1196,4176,0
3358,1197,12881,1
3359,1198,21789,0
3360,1199,15196,0
3361,1200,15274,0
3362,1201,21428,0
3363,1203,19366,0
3364,1205,8312,0
3365,1206,20878,0
3366,1207,20913,0
3367,1208,13241,0
3368,1209,5556,0
3369,1210,1316,0
3370,1213,1553,0
3371,1214,10192,0
3372,1217,14683,0
3373,1219,12378,0
3374,1222,21372,0
3375,1224,6031,0
3376,1225,2072,0
3377,1226,13482,0
3378,1227,3503,0
3379,1230,12719,0
3380,1231,2568,0
3381,1232,22057,0
3382,1233,11188,0
3383,1234,15547,0
3384,1235,16148,0
3385,1236,6695,0
3386,1237,138,0
3387,1238,11145,0
3388,1239,12393,0
3389,1240,14605,0
3390,1241,14253,0
3391,1242,14512,0
3392,1244,14216,0
3393,1245,15479,0
3394,1246,16271,0
3395,1247,9629,0
3396,1248,8040,0
3397,1249,4914,0
3398,1252,1473,0
3399,1253,3048,0
3400,1254,2974,0
3401,1257,4564,0
3402,1259,13019,0
3403,1260,10622,0
3404,1261,4230,0
3405,1263,5304,0
3406,1264,21115,0
3407,1268,11334,0
3408,1269,13326,0
3409,1270,5257,0
3410,1271,1691,0
3411,1272,5025,0
3412,1275,22011,0
3413,1276,4040,1
3414,1277,1880,0
3415,1278,15528,0
3416,1280,1393,0
3417,1282,4376,0
3418,1283,14891,0
3419,1285,20661,0
3420,1828,20661,0
3421,1286,11569,0
3422,1287,13773,0
3423,1289,12301,0
3424,1292,13822,0
3425,1293,15969,0
3426,1294,15012,0
3427,1295,5170,0
3428,1297,5268,0
3429,1298,1400,0
3430,1299,11470,0
3431,1300,11113,0
3432,1301,11224,0
3433,1302,11183,0
3434,1305,5890,0
3435,1305,10513,0
3436,1308,20435,0
3437,1309,623,0
3438,1310,8830,0
3439,1310,12855,0
3440,1311,4793,1
3441,1312,15671,0
3442,1313,6933,0
3443,1314,8184,0
3444,1315,20251,0
3445,1316,3805,0
3446,1318,15984,0
3447,1319,8299,0
3448,1321,11174,0
3449,1323,7303,0
3450,1324,918,1
3451,1325,4460,0
3452,1326,127,0
3453,1331,6117,0
3454,1336,11951,0
3455,1337,14751,0
3456,1339,11598,0
3457,1340,10469,0
3458,1341,3191,0
3459,1342,9327,0
3460,1343,6054,0
3461,1344,84,0
3462,1347,13853,0
3463,1348,4757,0
3464,1349,4659,0
3465,1350,10108,0
3466,1353,2878,1
3467,1356,6026,0
3468,1357,19590,0
3469,1358,6264,0
3470,1359,11508,0
3471,1360,8946,0
3472,1361,1992,0
3473,1366,5955,0
3474,1367,12689,0
3475,1368,17063,0
3476,1369,3790,0
3477,1370,123,0
3478,1371,10918,0
3479,1372,2558,0
3480,1373,6912,0
3481,1373,21464,0
3482,1376,12670,0
3483,1378,7885,0
3484,1379,10755,0
3485,1380,1843,0
3486,1382,19561,0
3487,1384,13307,0
3488,1385,9939,0
3489,1386,7272,0
3490,1387,8112,0
3491,1388,12976,0
3492,1389,19032,0
3493,1390,15530,0
3494,1391,10887,0
3495,1393,7515,0
3496,1393,19109,0
3497,1394,19174,0
3498,1395,5443,0
3499,1396,15766,0
3500,1398,4586,0
3501,1399,8754,0
3502,1399,13391,0
3503,1401,2682,0
3504,1402,6860,0
3505,1403,584,0
3506,1405,10938,0
3507,1406,187,0
3508,1408,9829,0
3509,1409,3470,0
3510,1411,3520,0
3511,1412,13753,0
3512,1413,10730,1
3513,1414,9027,0
3514,1416,14781,0
3515,1418,6759,0
3516,1419,10309,0
3517,1420,12305,0
3518,1422,20879,0
3519,1423,9727,0
3520,1424,19704,0
3521,1425,12753,0
3522,1428,3462,0
3523,1429,12158,0
3524,1430,15354,0
3525,1432,9667,0
3526,1433,13620,0
3527,1434,18805,0
3528,1435,3328,0
3529,1436,9395,0
3530,1437,741,0
3531,1438,15634,0
3532,1439,13579,0
3533,1440,2081,0
3534,1441,15276,0
3535,1442,3106,0
3536,1442,3107,0
3537,1443,15928,0
3538,1444,13972,0
3539,1445,12531,0
3540,1447,19489,0
3541,1448,9990,0
3542,1449,3705,0
3543,1451,8766,0
3544,1451,12893,0
3545,1454,2303,0
3546,1455,14852,0
3547,1456,19854,0
3548,1459,7943,0
3549,1460,20377,0
3550,1461,3387,0
3551,1462,400,0
3552,1465,3062,0
3553,1466,8460,0
3554,1467,22010,0
3555,1468,10254,0
3556,1469,21625,0
3557,1471,7109,0
3558,1472,9539,0
3559,1473,14773,0
3560,1474,20921,0
3561,1475,12654,0
3562,1476,1124,1
3563,1477,2432,0
3564,1478,353,0
3565,1479,19360,0
3566,1480,9124,0
3567,1481,15395,0
3568,1482,8566,0
3569,1483,3959,0
3570,1484,12708,0
3571,1485,4685,0
3572,1486,13414,0
3573,1487,21699,0
3574,1488,18916,0
3575,1489,20586,0
3576,1491,18377,0
3577,1492,4770,0
3578,1493,21851,0
3579,1498,18777,0
3580,1501,7339,0
3581,1504,12879,0
3582,1505,4082,0
3583,1508,14527,0
3584,1509,5274,0
3585,1510,10629,0
3586,1511,7969,0
3587,1512,17013,0
3588,1513,7565,0
3589,1514,20137,0
3590,1515,5364,0
3591,1516,8439,1
3592,1517,10243,0
3593,1518,20940,0
3594,1519,13420,0
3595,1520,8559,0
3596,1521,3704,0
3597,1522,12999,0
3598,1523,14752,0
3599,1524,9672,0
3600,1525,14470,0
3601,1528,7653,0
3602,1529,11836,0
3603,1530,10431,0
3604,1531,20575,0
3605,1533,4410,0
3606,1534,7055,0
3607,1536,14873,0
3608,1537,9329,0
3609,1538,19295,0
3610,1539,19152,0
3611,1542,10128,0
3612,1543,8392,0
3613,1544,13194,0
3614,1545,12486,0
3615,1546,11813,0
3616,1547,1143,0
3617,1547,13104,0
3618,1548,13875,0
3619,1552,19753,0
3620,1558,7977,0
3621,1559,4591,0
3622,1560,15968,0
3623,1561,12020,0
3624,1562,2203,0
3625,1563,8362,0
3626,1564,4890,0
3627,1565,6490,0
3628,1566,5262,0
3629,1569,11659,0
3630,1572,20073,0
3631,1573,5414,0
3632,1574,4943,0
3633,1576,13365,0
3634,1577,21525,0
3635,1578,20721,0
3636,1579,12655,0
3637,1580,6709,0
3638,1581,16040,0
3639,1582,943,0
3640,1583,481,0
3641,1584,7479,0
3642,1587,7614,0
3643,1588,13066,0
3644,1589,20790,0
3645,1590,1868,0
3646,1591,15142,0
3647,1592,2873,0
3648,1594,9231,0
3649,1595,16017,0
3650,1596,9553,0
3651,1598,12445,0
3652,1599,21309,0
3653,1602,11797,0
3654,1604,21409,0
3655,1606,5542,0
3656,1607,10702,0
3657,1608,19904,0
3658,1609,4413,0
3659,1610,15610,0
3660,1611,20417,0
3661,1614,6431,0
3662,1615,3002,0
3663,1616,10406,0
3664,1617,13423,0
3665,1619,10914,0
3666,1620,8840,0
3667,1621,1458,0
3668,1622,9414,0
3669,1623,4556,0
3670,1624,4971,0
3671,1625,884,1
3672,1626,3031,0
3673,1627,12594,0
3674,1629,15103,0
3675,1630,10851,0
3676,1631,747,0
3677,1632,20723,0
3678,1633,4865,0
3679,1635,2174,0
3680,1636,14232,0
3681,1637,19064,0
3682,1639,12697,0
3683,1640,1202,0
3684,1641,7051,0
3685,1642,7882,0
3686,1643,18703,0
3687,1645,10116,0
3688,1646,3431,0
3689,1647,7818,0
3690,1649,14883,0
3691,1650,3220,0
3692,1652,11675,0
3693,1653,11994,0
3694,1654,13416,0
3695,1655,20287,0
3696,1656,10687,0
3697,1657,14325,0
3698,1658,4271,0
3699,1659,20508,0
3700,1660,1220,0
3701,1661,7880,0
3702,1664,14287,0
3703,1666,14180,0
3704,1668,12656,0
3705,1670,21135,0
3706,1671,1861,0
3707,1675,2404,0
3708,1677,13078,0
3709,1681,21603,1
3710,1682,21837,0
3711,1683,21620,0
3712,1685,16483,0
3713,1686,10015,0
3714,1687,4598,0
3715,1688,11748,0
3716,1689,3049,0
3717,1691,11399,0
3718,1693,15403,0
3719,1694,8173,0
3720,1695,15747,0
3721,1700,5189,0
3722,1702,19191,0
3723,1703,15060,0
3724,1707,9879,0
3725,1708,21569,0
3726,1709,1030,0
3727,1710,5795,0
3728,1712,20112,0
3729,1713,19313,0
3730,1714,5786,0
3731,1715,2650,0
3732,1716,21871,0
3733,1717,14251,0
3734,1720,8928,0
3735,1724,15655,0
3736,1726,4481,0
3737,1730,5132,0
3738,1731,2589,0
3739,1732,15697,0
3740,1734,21043,0
3741,1735,12800,0
3742,1736,9650,0
3743,1737,20608,0
3744,1738,11703,0
3745,1740,8396,0
3746,1741,2751,0
3747,1742,5750,0
3748,1744,5686,0
3749,1745,10096,0
3750,1748,6337,0
3751,1749,6683,0
3752,1750,12537,0
3753,1751,2197,0
3754,1752,21689,0
3755,1753,21165,0
3756,1754,6969,0
3757,1755,9870,0
3758,1756,14401,0
3759,1759,13630,0
3760,1760,14905,0
3761,1762,1380,0
3762,1764,13598,0
3763,1765,10715,0
3764,1766,1926,0
3765,1768,7940,0
3766,1769,7484,0
3767,1770,18630,0
3768,1771,13667,0
3769,1774,675,0
3770,1775,4284,0
3771,1776,13858,0
3772,1777,18803,0
3773,1779,7170,0
3774,1780,4086,0
3775,1782,12680,0
3776,1783,2345,0
3777,1783,10004,0
3778,1784,13312,0
3779,1786,11310,0
3780,1788,10031,0
3781,1789,5744,0
3782,1790,20924,0
3783,1792,2595,0
3784,1793,12043,0
3785,1794,8440,0
3786,1796,18309,0
3787,1797,10060,0
3788,1798,4512,0
3789,1800,12794,0
3790,1802,4948,0
3791,1803,2941,0
3792,1804,14436,0
3793,1805,9612,0
3794,1806,16932,0
3795,1807,1484,0
3796,1810,577,0
3797,1811,15061,0
3798,1812,6324,0
3799,1813,3254,0
3800,1819,11352,0
3801,1820,3677,0
3802,1821,8744,0
3803,1822,8078,0
3804,1824,15224,0
3805,1825,7034,0
3806,1826,2716,0
3807,1829,9533,0
3808,1830,20890,0
3809,1832,21919,0
3810,1833,7789,0
3811,1835,1518,0
3812,1836,9485,0
3813,1837,15820,0
3814,1838,11893,0
3815,1839,8075,0
3816,1841,18623,0
3817,1843,15466,0
3818,1844,8127,0
3819,1845,16107,0
3820,1846,14504,0
3821,1847,5068,0
3822,1848,19053,0
3823,1849,1975,0
3824,1849,16174,0
3825,1850,14516,0
3826,1851,13348,0
3827,1853,9444,0
3828,1854,10362,0
3829,1855,6265,0
3830,1857,14528,0
3831,1858,3949,0
3832,1859,8111,0
3833,1861,15636,0
3834,1862,7472,0
3835,1863,6770,0
3836,1864,8835,0
3837,1864,21941,0
3838,1866,3598,0
3839,1867,7015,0
3840,1868,3668,0
3841,1871,14876,0
3842,1872,11776,0
3843,1873,18314,0
3844,1874,3155,0
3845,1875,3369,0
3846,1876,7527,0
3847,1877,15926,0
3848,1878,20472,0
3849,1879,521,0
3850,1880,15056,0
3851,1881,8134,0
3852,1882,7778,0
3853,1883,3947,0
3854,1885,9797,0
3855,1886,20154,0
3856,1887,3716,0
3857,1890,15132,0
3858,1892,13777,0
3859,1893,72,0
3860,1894,14802,0
3861,1895,20818,0
3862,1896,864,0
3863,1896,1127,0
3864,1896,6793,0
3865,1897,11444,0
3866,1898,5695,0
3867,1899,190,0
3868,1900,8714,0
3869,1901,8929,0
3870,1902,20633,0
3871,1903,4196,0
3872,1905,21501,0
3873,1906,12857,0
3874,1907,14431,1
3875,1908,15956,0
3876,1909,7312,0
3877,1912,5846,0
3878,1914,10363,0
3879,1917,21897,0
3880,1918,14397,0
3881,1919,14521,0
3882,1922,2187,0
3883,1924,8703,0
3884,1925,7288,0
3885,1926,9729,0
3886,1927,3638,0
3887,1928,10796,0
3888,1930,13378,0
3889,1931,1258,0
3890,1932,4979,0
3891,1933,1185,0
3892,1935,20196,0
3893,1936,8061,0
3894,1937,8501,1
3895,1938,9032,0
3896,1939,19051,0
3897,1942,1587,0
3898,1943,20859,0
3899,1946,21479,0
3900,1949,17630,0
3901,1951,14845,0
3902,1955,13658,0
3903,1956,15762,0
3904,1957,18835,0
3905,1960,11997,0
3906,1961,2378,0
3907,1962,6281,0
3908,1964,12901,0
3909,1966,10568,0
3910,1969,19471,0
3911,1969,21148,0
3912,1970,2865,0
3913,1971,13685,0
3914,1972,1622,0
3915,1973,16045,0
3916,1974,21864,0
3917,1975,21454,0
3918,1976,1230,0
3919,1977,5762,0
3920,1978,20031,0
3921,1979,2950,0
3922,1980,10131,0
3923,1983,6914,0
3924,1984,12099,0
3925,1986,15134,0
3926,1987,10904,0
3927,1988,12315,0
3928,1991,3920,0
3929,1992,1271,0
3930,1993,1043,0
3931,1994,14083,0
3932,1995,3878,0
3933,1995,16447,0
3934,1996,15242,0
3935,1997,6406,0
3936,1998,21435,0
3937,1999,3256,0
3938,2000,14241,0
3939,2001,13988,0
3940,2002,1042,0
3941,2006,15572,0
3942,2007,144,1
3943,2008,8113,0
3944,2010,5960,0
3945,2011,10685,0
3946,2012,22042,0
3947,2014,19301,0
3948,2017,11617,0
3949,2018,11227,0
3950,2019,13759,0
3951,2021,9261,0
3952,2022,6659,0
3953,2024,12150,0
3954,2025,2698,0
3955,2026,21698,0
3956,2027,8950,0
3957,2028,9699,0
3958,2029,4984,0
3959,2029,14944,0
3960,2031,12685,0
3961,2032,4651,0
3962,2033,12614,0
3963,2034,8740,0
3964,2037,19773,0
3965,2038,2011,0
3966,2039,5413,0
3967,2040,4109,0
3968,2043,1751,0
3969,2044,6938,0
3970,2045,1773,0
3971,2046,11095,0
3972,2047,5480,0
3973,2049,16175,0
3974,2050,3912,0
3975,2054,19944,0
3976,2055,16342,0
3977,2056,3067,0
3978,2057,14220,0
3979,2059,21629,0
3980,2060,12634,0
3981,2061,14245,0
3982,2061,22008,0
3983,2062,14183,0
3984,2063,20348,1
3985,2064,4532,0
3986,2065,20051,0
3987,2069,4096,0
3988,2071,6774,0
3989,2072,2204,0
3990,2073,1560,0
3991,2075,413,0
3992,2077,1272,0
3993,2078,21757,0
3994,2079,4000,0
3995,2080,15987,0
3996,2083,10573,0
3997,2084,4983,0
3998,2085,6140,0
3999,2086,9655,0
4000,2087,19054,0
4001,2088,13895,0
4002,2089,19810,0
4003,2090,7295,0
4004,2091,11566,0
4005,2093,19052,0
4006,2095,13336,0
4007,2096,13534,0
4008,2098,12544,0
4009,2099,2673,0
4010,2100,21709,0
4011,2101,7931,0
4012,2102,10832,0
4013,2103,2963,0
4014,2106,13262,0
4015,2107,12396,0
4016,2108,3688,0
4017,2109,4335,0
4018,2111,2701,0
4019,2111,10640,0
4020,2113,19604,0
4021,2115,2305,0
4022,2116,2472,0
4023,2117,20077,0
4024,2118,14307,0
4025,2119,20314,0
4026,2120,16113,0
4027,2121,12309,0
4028,2124,9578,0
4029,2125,3569,0
4030,2126,17202,0
4031,2127,12990,0
4032,2130,488,0
4033,2131,10794,0
4034,2132,33,0
4035,2133,2475,0
4036,2134,12439,1
4037,2135,9144,0
4038,2136,8240,0
4039,2138,4471,0
4040,2139,14797,0
4041,2140,11747,0
4042,2141,14039,0
4043,2142,6021,0
4044,2145,8417,0
4045,2146,14435,0
4046,2147,5969,0
4047,2148,14006,0
4048,2150,11934,0
4049,2151,1356,0
4050,2152,6407,0
4051,2154,3231,0
4052,2155,519,0
4053,2156,2283,0
4054,2157,7550,0
4055,2158,2543,0
4056,2159,9228,0
4057,2160,9858,0
4058,2162,1367,0
4059,2163,14082,0
4060,2164,12413,0
4061,2166,18645,0
4062,2167,10748,0
4063,2177,21006,0
4064,2178,4240,0
4065,2180,10672,0
4066,2181,10581,0
4067,2183,14858,0
4068,2184,8166,0
4069,2185,15491,0
4070,2186,11625,0
4071,2187,19595,0
4072,2188,5950,0
4073,2189,4773,0
4074,2190,10787,0
4075,2192,11418,0
4076,2193,11299,0
4077,2194,11111,0
4078,2195,6684,0
4079,2196,8466,0
4080,2197,53,0
4081,2198,16112,0
4082,2199,1052,0
4083,2202,5878,0
4084,2203,1354,0
4085,2207,14549,1
4086,2208,15413,0
4087,2210,16029,0
4088,2211,4645,0
4089,2212,674,0
4090,2213,4476,0
4091,2214,22028,0
4092,2215,6118,0
4093,2217,10241,0
4094,2218,13300,0
4095,2219,14827,0
4096,2221,5587,0
4097,2222,12244,0
4098,2224,12308,0
4099,2225,13870,0
4100,2226,8670,0
4101,2228,2059,0
4102,2229,12853,1
4103,2232,2618,0
4104,2233,1309,0
4105,2234,11743,0
4106,2235,12591,0
4107,2237,3306,0
4108,2240,6392,0
4109,2241,6428,0
4110,2242,1475,0
4111,2243,8249,0
4112,2244,8758,0
4113,2245,9355,0
4114,2246,2833,0
4115,2247,10942,0
4116,2248,20928,0
4117,2251,7167,0
4118,2252,9083,0
4119,2253,11518,0
4120,2254,14185,0
4121,2257,7307,0
4122,2259,13469,0
4123,2260,20247,0
4124,2261,12055,0
4125,2262,12116,0
4126,2263,15798,0
4127,2264,1300,0
4128,2265,21530,0
4129,2266,3390,0
4130,2267,8533,0
4131,2272,11825,0
4132,2273,11273,0
4133,2274,3739,0
4134,2275,2503,0
4135,2277,7130,0
4136,2277,11266,0
4137,2283,8050,0
4138,2286,12572,0
4139,2290,7596,0
4140,2291,12757,0
4141,2292,9912,0
4142,2293,12605,0
4143,2294,4362,0
4144,2295,8808,0
4145,2296,14791,0
4146,2298,2443,0
4147,2299,1106,0
4148,2300,1462,0
4149,2304,3465,0
4150,2305,4470,0
4151,2309,4818,0
4152,2310,21430,0
4153,2313,20012,0
4154,2315,10053,0
4155,2316,7221,0
4156,2317,12770,0
4157,2318,4754,0
4158,2319,7446,0
4159,2321,4327,0
4160,2322,5129,0
4161,2326,1682,0
4162,2327,6481,0
4163,2328,5896,0
4164,2329,9571,0
4165,2331,6646,0
4166,2333,9960,0
4167,2334,21403,0
4168,2335,1755,0
4169,2336,1765,0
4170,2337,13180,0
4171,2338,6707,0
4172,2339,12674,0
4173,2340,15720,0
4174,2341,7893,0
4175,2342,9207,0
4176,2343,10785,0
4177,2343,10786,0
4178,2345,13133,0
4179,2346,7632,0
4180,2347,7742,0
4181,2349,335,0
4182,2350,1574,0
4183,2353,1305,0
4184,2354,558,0
4185,2356,5524,0
4186,2357,15883,0
4187,2360,11822,0
4188,2361,6380,0
4189,2362,12563,0
4190,2365,21147,0
4191,2366,524,0
4192,2367,22068,0
4193,2368,11363,0
4194,2369,1082,0
4195,2370,841,0
4196,2371,2718,0
4197,2372,20857,0
4198,2373,19824,0
4199,2377,21478,0
4200,2378,609,0
4201,2379,2954,0
4202,2380,4339,0
4203,2381,15427,0
4204,2383,4763,0
4205,2385,20039,0
4206,2386,2604,0
4207,2387,7672,0
4208,2388,9878,0
4209,2392,13671,0
4210,2394,5215,0
4211,2395,12583,0
4212,2396,16070,0
4213,2398,10018,0
4214,2400,14078,0
4215,2402,12024,0
4216,2405,13009,0
4217,2406,20278,0
4218,2407,14601,0
4219,2408,16096,0
4220,2409,9545,0
4221,2412,13141,0
4222,2414,1375,0
4223,2416,7939,0
4224,2418,5092,0
4225,2419,11534,0
4226,2421,2648,0
4227,2422,12663,0
4228,2423,21288,0
4229,2424,11722,0
4230,2427,7125,0
4231,2428,2734,0
4232,2429,628,0
4233,2430,4728,0
4234,2435,19776,0
4235,2436,15118,0
4236,2437,4430,0
4237,2438,13783,0
4238,2439,881,1
4239,2440,11388,0
4240,2441,19388,0
4241,2442,12576,0
4242,2445,9224,0
4243,2446,9871,0
4244,2448,15153,0
4245,2450,20150,0
4246,2452,2138,0
4247,2454,3061,0
4248,2456,9575,0
4249,2458,8406,0
4250,2459,11483,0
4251,2460,727,0
4252,2462,19194,0
4253,2463,13430,0
4254,2465,21734,0
4255,2468,21960,0
4256,2470,14514,0
4257,2473,21808,0
4258,2474,2529,0
4259,2474,8536,0
4260,2475,21462,0
4261,2476,1006,0
4262,2477,4830,0
4263,2478,7782,0
4264,2479,10669,0
4265,2480,4203,0
4266,2481,21088,0
4267,2483,2875,0
4268,2484,3433,0
4269,2485,11383,0
4270,2487,21427,0
4271,2491,1361,0
4272,2492,5697,0
4273,2495,290,0
4274,2496,14732,0
4275,2497,7573,0
4276,2498,3381,0
4277,2499,6385,0
4278,2500,2346,0
4279,2501,14356,0
4280,2503,496,0
4281,2505,5538,0
4282,2506,13268,0
4283,2507,13087,0
4284,2510,19059,0
4285,2512,9287,0
4286,2513,1024,0
4287,2514,107,0
4288,2515,555,0
4289,2516,8827,0
4290,2519,15631,0
4291,2520,4163,0
4292,2521,15924,0
4293,2522,3323,1
4294,2523,16159,0
4295,2525,5608,0
4296,2527,7309,0
4297,2531,19977,0
4298,2532,21822,0
4299,2535,20431,0
4300,2536,8052,0
4301,2537,19504,0
4302,2538,12226,0
4303,2539,126,0
4304,2540,2710,0
4305,2541,11745,0
4306,2542,13176,0
4307,2543,5668,0
4308,2544,12216,0
4309,2546,3560,0
4310,2548,945,0
4311,2550,9954,0
4312,2552,8306,0
4313,2553,14604,0
